Workbook
Name __Anonymous_Sheet_DB__1: #REF!
Name __Anonymous_Sheet_DB__1: #REF!
Name __Anonymous_Sheet_DB__1_1: #REF!
Name __Anonymous_Sheet_DB__1_1: #REF!
Name __Anonymous_Sheet_DB__1_2: '[1]Lista de Instrumentos'!#REF!
Name __Anonymous_Sheet_DB__1_2: #REF!
Name __Anonymous_Sheet_DB__1_2: #REF!
Name __Anonymous_Sheet_DB__1_3: #REF!
Name __Anonymous_Sheet_DB__1_3: #REF!
Name Excel_BuiltIn__FilterDatabase_1: #REF!
Name Excel_BuiltIn__FilterDatabase_1: #REF!
Name Excel_BuiltIn__FilterDatabase_2: '[1]Lista de Instrumentos'!#REF!
Name Excel_BuiltIn__FilterDatabase_2: #REF!
Name Excel_BuiltIn__FilterDatabase_2_1: '[1]Lista de Instrumentos'!#REF!
Name Excel_BuiltIn__FilterDatabase_2_1: #REF!

Sheet CAPA
A1: REVISÕES
A2: Nº | B2: DESCRIÇÃO | G2: TIPO | I2: PROJETADO | M2: VERIFICADO | N2: APROVADO | P2: DATA
A5: 5 | B5: CONFORME DOCUMENTOS RECEBIDOS (INDICADO DE MARROM) | G5: B | I5: JKP | M5: AM | N5: GBA | P5: 45946
A6: 4 | B6: CONFORME DOCUMENTOS RECEBIDOS (INDICADO DE AZUL) | G6: B | I6: JKP | M6: AM | N6: GBA | P6: 45814
A7: 3 | B7: CONFORME DOCUMENTOS RECEBIDOS (INDICADO DE AMARELO) | G7: B | I7: JKP | M7: AM | N7: GBA | P7: 45798
A8: 2 | B8: PARA APROVAÇÃO | G8: B | I8: JKP | M8: AM | N8: GBA | P8: 45763
A9: 1 | B9: ATENDENDO COMENTÁRIOS | G9: B | I9: JKP | M9: AM | N9: GBA | P9: 45755
A10: 0 | B10: EMISSÃO INICIAL | G10: B | I10: JKP | M10: AM | N10: GBA | P10: 45677
A11: TIPO DE EMISSÃO
A12: (A) PRELIMINAR | F12: (D) PARA CONSTRUÇÃO | L12: (G) CANCELADO
A13: (B) PARA APROVAÇÃO | F13: (E) CONFORME CONSTRUÍDO | L13: (H) PARA COTAÇÃO
A14: (C) PARA CONHECIMENTO | F14: (F) APROVADO | L14: (I) CONFORME COMPRADO
K17: Nº DOC:
K19: LI-A-20V093E-001
K23: DATA: | Q23: REV.
K24: =LARGE(P3:Q10,1) -> 45946 | Q24: =LARGE(A3:A10,1) -> 5
G27: VOTORANTIM CIMENTOS FÁBRICA DE EDEALINA - GO
A28: TÍTULO DO DOCUMENTO:
A30: VOTORANTIM CIMENTOS
A31: FÁBRICA DE EDEALINA - GO PROJETO DETALHADO - MOAGEM DE CIMENTO Z2
A33: LISTA DE INSTRUMENTOS
A37: DATA: | D37: APROVADO POR: | J37: Nº CLIENTE: | O37: REVISÃO:
A38: =K24 -> 45946 | D38: VICTOR MENDONÇA | J38: ED-I-Z2000-120 | O38: =Q24 -> 5

Sheet ADITIVOS
H1: CLIENTE: | I1: =CAPA!G27 -> VOTORANTIM CIMENTOS FÁBRICA DE EDEALINA - GO | M1: PROJETO: | N1: =CAPA!A31 -> FÁBRICA DE EDEALINA - GO PROJETO DETALHADO - MOAGEM DE CIMENTO Z2 | Q1: VERIFICADO: | R1: ALEXANDRE MANDUCA
Q2: APROVADO: | R2: GIANCARLO BORGES AVELAR
H3: TÍTULO: | I3: LISTA DE INSTRUMENTO ADITIVOS | M3: Nº. CLIENTE: | N3: =CAPA!J38 -> ED-I-Z2000-120 | Q3: FOLHA: | R3: REVISÃO: | S3: =CAPA!Q24 -> 5
M4: Nº. SM&A: | N4: =CAPA!K19 -> LI-A-20V093E-001 | R4: DATA: | S4: =CAPA!K24 -> 45946
A5: ITEM | B5: TAG VC | C5: TAG SINOMA | D5: EQUIPAMENTO | E5: FUNÇÃO | F5: INSTRUMENTO | G5: TIPO DE SINAL | H5: RANGE MÍNIMO | I5: RANGE MÁXIMO | J5: FABRICANTE | K5: MODELO | L5: QT | M5: FORNECEDOR | N5: PAINEL PARA INTERLIGAÇÃO | O5: MATERIAL PARA MONTAGEM | P5: FOLHA DE DADOS | Q5: COMENTÁRIOS | S5: REV.
A6: 1 | B6: G1L03XV1 | C6: 551AC01 | D6: SILO DE GESSO - G1L03 CANHÃO DE AR #1 | E6: COMANDO ABRE / FECHA | F6: VÁLVULA SOLENOIDE | G6: 120Vca | H6: - | I6: - | J6: ASCO | K6: SCG353G051 | L6: 1 | M6: SINOMA | N6: Z2RM6 | O6: - | P6: - | Q6: - | S6: 1
A7: =A6+1 -> 2 | B7: G1L03XV2 | C7: 551AC02 | D7: SILO DE GESSO - G1L03 CANHÃO DE AR #2 | E7: COMANDO ABRE / FECHA | F7: VÁLVULA SOLENOIDE | G7: 120Vca | H7: - | I7: - | J7: ASCO | K7: SCG353G051 | L7: 1 | M7: SINOMA | N7: Z2RM6 | O7: - | P7: - | Q7: - | S7: 1
A8: =A7+1 -> 3 | B8: G1L03XV3 | C8: 551AC03 | D8: SILO DE GESSO - G1L03 CANHÃO DE AR #3 | E8: COMANDO ABRE / FECHA | F8: VÁLVULA SOLENOIDE | G8: 120Vca | H8: - | I8: - | J8: ASCO | K8: SCG353G051 | L8: 1 | M8: SINOMA | N8: Z2RM6 | O8: - | P8: - | Q8: - | S8: 1
A9: =A8+1 -> 4 | B9: G1L03XV4 | C9: 551AC04 | D9: SILO DE GESSO - G1L03 CANHÃO DE AR #4 | E9: COMANDO ABRE / FECHA | F9: VÁLVULA SOLENOIDE | G9: 120Vca | H9: - | I9: - | J9: ASCO | K9: SCG353G051 | L9: 1 | M9: SINOMA | N9: Z2RM6 | O9: - | P9: - | Q9: - | S9: 1
A10: =A9+1 -> 5 | B10: Z2A01FSL | C10: - | D10: BALANÇA DOSADORA DE CLINQUER - Z2A01 | E10: FLUXO BAIXO | F10: SENSOR INDUTIVO DE PROXIMIDADE | G10: 120Vca | H10: - | I10: - | J10: TELEMECANIQUE | K10: XS1M30MB250 | L10: 1 | M10: VOTORANTIM | N10: Z2RM6 | O10: - | P10: ED-I-Z2000-103 | Q10: - | S10: 1
A11: =A10+1 -> 6 | B11: Z2A01Q1 | C11: 551AW01.FZ1 | D11: BALANÇA DOSADORA DE CLINQUER - Z2A01 | E11: PAINEL DA BALANÇA DOSADORA | F11: PAINEL LOCAL | G11: 120Vca | H11: - | I11: - | J11: SCHENCK | K11: VEG 20650/VWF20650 | L11: 1 | M11: SINOMA | N11: Z2RM6 | O11: - | P11: - | Q11: - | S11: 1
A12: =A11+1 -> 7 | B12: Z2B01FSL | C12: - | D12: BALANÇA DOSADORA DE GESSO - Z2B01 | E12: FLUXO BAIXO | F12: SENSOR INDUTIVO DE PROXIMIDADE | G12: 120Vca | H12: - | I12: - | J12: TELEMECANIQUE | K12: XS1M30MB250 | L12: 1 | M12: VOTORANTIM | N12: Z2RM6 | O12: - | P12: ED-I-Z2000-103 | Q12: - | S12: 1
A13: =A12+1 -> 8 | B13: Z2B01Q1 | C13: 551WF02.FZ1 | D13: BALANÇA DOSADORA DE GESSO - Z2B01 | E13: PAINEL DA BALANÇA DOSADORA | F13: PAINEL LOCAL | G13: 120Vca | H13: - | I13: - | J13: SCHENCK | K13: VEG 20650/VWF20650 | L13: 1 | M13: SINOMA | N13: Z2RM6 | O13: - | P13: - | Q13: - | S13: 1
A14: =A13+1 -> 9 | B14: Z2C01FSL | C14: - | D14: BALANÇA DOSADORA DE CALCÁRIO - Z2C01 | E14: FLUXO BAIXO | F14: SENSOR INDUTIVO DE PROXIMIDADE | G14: 120Vca | H14: - | I14: - | J14: TELEMECANIQUE | K14: XS1M30MB250 | L14: 1 | M14: VOTORANTIM | N14: Z2RM6 | O14: - | P14: ED-I-Z2000-103 | Q14: - | S14: 1
A15: =A14+1 -> 10 | B15: Z2C01Q1 | C15: 551WF01.FZ1 | D15: BALANÇA DOSADORA DE CALCÁRIO - Z2C01 | E15: PAINEL DA BALANÇA DOSADORA | F15: PAINEL LOCAL | G15: 120Vca | H15: - | I15: - | J15: SCHENCK | K15: VEG 20650/VWF20650 | L15: 1 | M15: SINOMA | N15: Z2RM6 | O15: - | P15: - | Q15: - | S15: 1
A16: =A15+1 -> 11 | B16: Z2D01FSL | C16: - | D16: BALANÇA DOSADORA DE ESCÓRIA - Z2D01 | E16: FLUXO BAIXO | F16: SENSOR INDUTIVO DE PROXIMIDADE | G16: 120Vca | H16: - | I16: - | J16: TELEMECANIQUE | K16: XS1M30MB250 | L16: 1 | M16: VOTORANTIM | N16: Z2RM6 | O16: - | P16: ED-I-Z2000-103 | Q16: - | S16: 1
A17: =A16+1 -> 12 | B17: Z2D01Q1 | C17: 551WF03.FZ1 | D17: BALANÇA DOSADORA DE ESCÓRIA - Z2D01 | E17: PAINEL DA BALANÇA DOSADORA | F17: PAINEL LOCAL | G17: 120Vca | H17: - | I17: - | J17: SCHENCK | K17: VEG 20650/VWF20650 | L17: 1 | M17: SINOMA | N17: Z2RM6 | O17: - | P17: - | Q17: - | S17: 1
A18: =A17+1 -> 13 | B18: Z2J01HS1 | C18: 551BC01.RS1/3 | D18: CORREIA TRANSPORTADORA - Z2J01 | E18: EMERGÊNCIA LADO ESQUERDO | F18: CHAVE DE EMERGÊNCIA DE CORDA | G18: 120Vca | H18: - | I18: - | J18: Schneider | K18: XY2CEDB296 | L18: 2 | M18: SINOMA | N18: Z2RM6 | O18: - | P18: - | Q18: Z2J01HS1.1 / Z2J01HS1.2 | S18: 1
... A41: =A40+1 -> 36 | B41: Z2P11Q1 | C41: 551BF01.UZ1 | D41: FILTRO DE MANGAS - Z2P11 | E41: PROGRAMADOR DO FILTRO DE MANGAS | F41: PAINEL LOCAL | G41: 120Vca | H41: - | I41: - | J41: WALSH | K41: WHPC PULSER CONTROLLER | L41: 1 | M41: SINOMA | N41: Z2RM6 | O41: - | P41: - | Q41: 6x VÁLVULA SOLENOIDE | S41: 1
A42: =A41+1 -> 37 | B42: Z2P11PDT | C42: 551BF01.PZ1 | D42: FILTRO DE MANGAS - Z2P11 | E42: PRESSÃO DIFERENCIAL FILTRO DE MANGAS | F42: TRANSMISSOR DE PRESSÃO DIFERENCIAL | G42: 4-20mA | J42: SIEMENS | K42: 7MF0340-1HM01-5SM2-Z B30+D42+E27 | L42: 1 | M42: SINOMA | N42: Z2RM6 | O42: - | P42: - | Q42: - | S42: 1
A43: =A42+1 -> 38 | B43: Z2P11LSH | C43: 551BF01.LS1 | D43: FILTRO DE MANGAS - Z2P11 | E43: NÍVEL ALTO | F43: CHAVE DE NÍVEL | G43: 120Vca | J43: E+H | K43: FTM21-AG242A | L43: 1 | M43: SINOMA | N43: Z2RM6 | O43: - | P43: - | Q43: - | S43: 1
A44: =A43+1 -> 39 | B44: Z2P13SECX | C44: - | D44: VÁLVULA ROTATIVA - Z2P13 | E44: CAIXA DE PROTEÇÃO PARA VIGIA DE VELOCIDADE | F44: - | G44: - | H44: - | I44: - | J44: - | K44: CX. Padrão Vigia de Velocidade com anteparo de 2 Aletas (30 a 60 rpm) | L44: 1 | M44: VOTORANTIM | N44: - | O44: VCM-0828 IT 02 + VCM-0830 | P44: Código de Compra VC: 491550 | Q44: COMPRAR CONFORME MODELO VOTORANTIM INFORMADO NA COLUNA FOLHA DE DADOS | S44: 1
A45: =A44+1 -> 40 | B45: Z2P13SE | C45: 551RF01.SS1 | D45: VÁLVULA ROTATIVA - Z2P13 | E45: VIGIA DE VELOCIDADE | F45: SENSOR INDUTIVO DE PROXIMIDADE | G45: 120Vca | H45: - | I45: - | J45: SCHNEIDER | K45: TE XSA-V11801 | L45: 1 | M45: SINOMA | N45: Z2RM6 | O45: - | P45: - | Q45: - | S45: 1
A46: =A45+1 -> 41 | B46: Z2P21PSL | C46: 551BF02.PS1 | D46: FILTRO DE MANGAS - Z2P21 | E46: PRESSÃO BAIXA LINHA DE AR | F46: PRESSOSTATO | G46: 120Vca | H46: - | I46: - | J46: SCHNEIDER | K46: XML B010A2S11 | L46: 1 | M46: SINOMA | N46: Z2RM6 | O46: - | P46: - | Q46: - | S46: 1
A47: =A46+1 -> 42 | B47: Z2P21Q1 | C47: 551BF02.UZ1 | D47: FILTRO DE MANGAS - Z2P21 | E47: PROGRAMADOR DO FILTRO DE MANGAS | F47: PAINEL LOCAL | G47: 120Vca | H47: - | I47: - | J47: WALSH | K47: WHPC PULSER CONTROLLER | L47: 1 | M47: SINOMA | N47: Z2RM6 | O47: - | P47: - | Q47: 6x VÁLVULA SOLENOIDE | S47: 1
A48: =A47+1 -> 43 | B48: Z2P21PDT | C48: 551BF02.PZ1 | D48: FILTRO DE MANGAS - Z2P21 | E48: PRESSÃO DIFERENCIAL FILTRO DE MANGAS | F48: TRANSMISSOR DE PRESSÃO DIFERENCIAL | G48: 4-20mA | J48: SIEMENS | K48: 7MF0340-1HM01-5SM2-Z B30+D42+E27 | L48: 1 | M48: SINOMA | N48: Z2RM6 | O48: - | P48: - | Q48: - | S48: 1
A49: =A48+1 -> 44 | B49: Z2P21LSH | C49: 551BF02.LS1 | D49: FILTRO DE MANGAS - Z2P21 | E49: NÍVEL ALTO | F49: CHAVE DE NÍVEL | G49: 120Vca | J49: E+H | K49: FTM21-AG242A | L49: 1 | M49: SINOMA | N49: Z2RM6 | O49: - | P49: - | Q49: - | S49: 1
A50: =A49+1 -> 45 | B50: Z2P23SE | C50: 551RF02.SS1 | D50: VÁLVULA ROTATIVA - Z2P23 | E50: VIGIA DE VELOCIDADE | F50: SENSOR INDUTIVO DE PROXIMIDADE | G50: 120Vca | H50: - | I50: - | J50: SCHNEIDER | K50: TE XSA-V11801 | L50: 1 | M50: SINOMA | N50: Z2RM6 | O50: - | P50: - | Q50: - | S50: 1
A51: =A50+1 -> 46 | B51: Z2P23SECX | C51: - | D51: VÁLVULA ROTATIVA - Z2P23 | E51: CAIXA DE PROTEÇÃO PARA VIGIA DE VELOCIDADE | F51: - | G51: - | H51: - | I51: - | J51: - | K51: CX. Padrão Vigia de Velocidade com anteparo de 2 Aletas (30 a 60 rpm) | L51: 1 | M51: VOTORANTIM | N51: - | O51: VCM-0828 IT 02 + VCM-0830 | P51: Código de Compra VC: 491550 | Q51: COMPRAR CONFORME MODELO VOTORANTIM INFORMADO NA COLUNA FOLHA DE DADOS | S51: 1
A52: =A51+1 -> 47 | B52: Z2S08SE | C52: - | D52: EXTRATOR DE METAIS - Z2S08 | E52: VIGIA DE VELOCIDADE | F52: SENSOR INDUTIVO DE PROXIMIDADE | G52: 120Vca | H52: - | I52: - | J52: TELEMECANIQUE | K52: XS1M30MB250 | L52: 1 | M52: VOTORANTIM | N52: Z2RM2 | O52: - | P52: ED-I-Z2000-103 | Q52: - | S52: 1
A53: =A52+1 -> 48 | B53: Z2S08SECX | C53: - | D53: SISTEMA DE INJEÇÃO DE ÁGUA PARA MOINHO - Z2K01 | E53: CAIXA DE PROTEÇÃO PARA VIGIA DE VELOCIDADE | F53: - | G53: - | H53: - | I53: - | J53: - | K53: CX. Padrão Vigia de Velocidade com anteparo de 2 Aletas (30 a 60 rpm) | L53: 1 | M53: VOTORANTIM | N53: - | O53: VCM-0828 IT 02 + VCM-0830 | P53: Código de Compra VC: 491550 | Q53: COMPRAR CONFORME MODELO VOTORANTIM INFORMADO NA COLUNA FOLHA DE DADOS | S53: 1
A54: =A53+1 -> 49 | B54: Z2SIR01 | C54: - | D54: SIRENE | E54: ALARME | F54: SIRENE | G54: 120Vca | H54: - | I54: - | J54: TUCANO | K54: SR120-120V | L54: 1 | M54: VOTORANTIM | N54: Z2RM6 | O54: - | P54: ED-I-Z2000-108 | Q54: - | S54: 1

Sheet MOAGEM DE CIMENTO
H1: CLIENTE: | I1: =CAPA!G27 -> VOTORANTIM CIMENTOS FÁBRICA DE EDEALINA - GO | M1: PROJETO: | N1: =CAPA!A31 -> FÁBRICA DE EDEALINA - GO PROJETO DETALHADO - MOAGEM DE CIMENTO Z2 | Q1: VERIFICADO: | R1: ALEXANDRE MANDUCA
Q2: APROVADO: | R2: GIANCARLO BORGES AVELAR
H3: TÍTULO: | I3: LISTA DE INSTRUMENTO MOAGEM DE CIMENTO Z2 | M3: Nº. CLIENTE: | N3: =CAPA!J38 -> ED-I-Z2000-120 | Q3: FOLHA: | R3: REVISÃO: | S3: =CAPA!Q24 -> 5
M4: Nº. SM&A: | N4: =CAPA!K19 -> LI-A-20V093E-001 | R4: DATA: | S4: =CAPA!K24 -> 45946
A5: ITEM | B5: TAG VC | C5: TAG SINOMA | D5: EQUIPAMENTO | E5: FUNÇÃO | F5: INSTRUMENTO | G5: TIPO DE SINAL | H5: RANGE MÍNIMO | I5: RANGE MÁXIMO | J5: FABRICANTE | K5: MODELO | L5: QTY | M5: FORNECEDOR | N5: PAINEL PARA INTERLIGAÇÃO | O5: MATERIAL PARA MONTAGEM | P5: FOLHA DE DADOS | Q5: COMENTÁRIOS | S5: REV.
A6: 1 | B6: Z2J08LSH | C6: - | D6: REGUEIRA DE SAÍDA DO MOINHO - Z2J08 | E6: NÍVEL ALTO | F6: CHAVE DE NÍVEL | G6: 120Vca | H6: 150mm | I6: 300mm | J6: VEGA | K6: VEGAVIB63 | L6: 1 | M6: VOTORANTIM | N6: Z2RM5 | O6: - | P6: ED-I-Z2000-107 | Q6: - | S6: 1
A7: =A6+1 -> 2 | B7: Z2J10LSH | C7: 571BE01.LS1 | D7: ELEVADOR DE CANECAS - Z2J10 | E7: NÍVEL ALTO | F7: CHAVE DE NÍVEL | G7: 120Vca | H7: - | I7: - | J7: E+H | K7: FTE20-AA11AA31 | L7: 1 | M7: SINOMA | N7: Z2RM5 | O7: - | P7: - | Q7: - | S7: 1
A8: =A7+1 -> 3 | B8: Z2J10M2SE | C8: 571BE01.M2.SS1 | D8: ELEVADOR DE CANECAS - Z2J10 | E8: SENSOR DO MOTOR AUXILIAR VIGIA DE VELOCIDADE | F8: SENSOR INDUTIVO NAMUR | G8: 120Vca | H8: - | I8: - | J8: IFM | K8: IG5497+ECV004 DD0203 | L8: 1 | M8: SINOMA | N8: Z2RM5 | O8: - | P8: - | Q8: - | S8: 1
A9: =A8+1 -> 4 | B9: Z2J10SE1 | C9: 571BE01.SS1 | D9: ELEVADOR DE CANECAS - Z2J10 | E9: SENSOR 1 - PÉ DO ELEVADOR VIGIA DE VELOCIDADE | F9: SENSOR INDUTIVO DE PROXIMIDADE | G9: 120Vca | H9: - | I9: - | J9: Schneider | K9: XSAV11801 | L9: 1 | M9: SINOMA | N9: Z2RM5 | O9: - | P9: - | Q9: - | S9: 1
A10: =A9+1 -> 5 | B10: Z2J10SE1CX | C10: - | D10: ELEVADOR DE CANECAS - Z2J10 | E10: CAIXA DE PROTEÇÃO PARA VIGIA DE VELOCIDADE | F10: - | G10: - | H10: - | I10: - | J10: - | K10: CX. Padrão Vigia de Velocidade com anteparo de 2 Aletas (30 a 60 rpm) | L10: 1 | M10: VOTORANTIM | N10: - | O10: VCM-0828 IT 02 + VCM-0830 | P10: Código de Compra VC: 491550 | Q10: COMPRAR CONFORME MODELO VOTORANTIM INFORMADO NA COLUNA FOLHA DE DADOS | S10: 1
A11: =A10+1 -> 6 | B11: Z2J10SE2 | C11: - | D11: ELEVADOR DE CANECAS - Z2J10 | E11: SENSOR 2 - PÉ DO ELEVADOR VIGIA DE VELOCIDADE | F11: SENSOR INDUTIVO DE PROXIMIDADE | G11: 120Vca | H11: - | I11: - | J11: TELEMECANIQUE | K11: XS1M30MB250 | L11: 1 | M11: VOTORANTIM | N11: Z2RM5 | O11: - | P11: ED-I-Z2000-103 | Q11: - | S11: 1
A12: =A11+1 -> 7 | B12: Z2J10SE2CX | C12: - | D12: ELEVADOR DE CANECAS - Z2J10 | E12: CAIXA DE PROTEÇÃO PARA VIGIA DE VELOCIDADE | F12: - | G12: - | H12: - | I12: - | J12: - | K12: CX. Padrão Vigia de Velocidade com anteparo de 2 Aletas (30 a 60 rpm) | L12: 1 | M12: VOTORANTIM | N12: - | O12: VCM-0828 IT 02 + VCM-0830 | P12: Código de Compra VC: 491550 | Q12: COMPRAR CONFORME MODELO VOTORANTIM INFORMADO NA COLUNA FOLHA DE DADOS | S12: 1
A13: =A12+1 -> 8 | B13: Z2J10SE3 | C13: - | D13: ELEVADOR DE CANECAS - Z2J10 | E13: SENSOR - TOPO DO ELEVADOR VIGIA DE VELOCIDADE | F13: SENSOR INDUTIVO DE PROXIMIDADE | G13: 120Vca | H13: - | I13: - | J13: TELEMECANIQUE | K13: XS1M30MB250 | L13: 1 | M13: VOTORANTIM | N13: Z2RM5 | O13: - | P13: ED-I-Z2000-103 | Q13: - | S13: 1
A14: =A13+1 -> 9 | B14: Z2J10SE3CX | C14: - | D14: ELEVADOR DE CANECAS - Z2J10 | E14: CAIXA DE PROTEÇÃO PARA VIGIA DE VELOCIDADE | F14: - | G14: - | H14: - | I14: - | J14: - | K14: CX. Padrão Vigia de Velocidade com anteparo de 2 Aletas (30 a 60 rpm) | L14: 1 | M14: VOTORANTIM | N14: - | O14: VCM-0828 IT 02 + VCM-0830 | P14: Código de Compra VC: 491550 | Q14: COMPRAR CONFORME MODELO VOTORANTIM INFORMADO NA COLUNA FOLHA DE DADOS | S14: 1
A15: =A14+1 -> 10 | B15: Z2J10TSH | C15: 571BE01.TS1 | D15: ELEVADOR DE CANECAS - Z2J10 | E15: TEMPERATURA ÓLEO ACOPLAMENTO ELEVADOR Z2J10 | F15: SENSOR TEMPERATURA | G15: 120Vca | H15: - | I15: - | J15: Schneider | K15: XCMD2102L1 | L15: 1 | M15: SINOMA | N15: Z2RM5 | O15: - | P15: - | Q15: - | S15: 1
A16: =A15+1 -> 11 | B16: Z2J10XT1 | C16: - | D16: ELEVADOR DE CANECAS - Z2J10 | E16: VIBRAÇÃO DO MANCAL DO MOTOR | F16: TRANSMISSOR DE VIBRAÇÃO | G16: 4-20 mA | H16: 0 mm/s | I16: 25 mm/s | J16: IFM | K16: VTV122 | L16: 1 | M16: VOTORANTIM | N16: Z2RM5 | O16: - | P16: ED-I-Z2000-106 | Q16: - | S16: 1
A17: =A16+1 -> 12 | B17: Z2J10XT2 | C17: - | D17: ELEVADOR DE CANECAS - Z2J10 | E17: VIBRAÇÃO DO MANCAL DO REDUTOR | F17: TRANSMISSOR DE VIBRAÇÃO | G17: 4-20 mA | H17: 0 mm/s | I17: 25 mm/s | J17: IFM | K17: VTV122 | L17: 1 | M17: VOTORANTIM | N17: Z2RM5 | O17: - | P17: ED-I-Z2000-106 | Q17: - | S17: 1
A18: =A17+1 -> 13 | B18: Z2J10ZSH1 | C18: 571BE01.XS1 | D18: ELEVADOR DE CANECAS - Z2J10 | E18: ESTICAMENTO NO PÉ | F18: SENSOR INDUTIVO DE PROXIMIDADE | G18: 120Vca | H18: - | I18: - | J18: Schneider | K18: XS630B1MAL2 | L18: 1 | M18: SINOMA | N18: Z2RM5 | O18: - | P18: - | Q18: - | S18: 5
A19: =A18+1 -> 14 | B19: Z2J10ZSH2 | C19: 571BE01.XS1 | D19: ELEVADOR DE CANECAS - Z2J10 | E19: ESTICAMENTO NO TOPO | F19: SENSOR INDUTIVO DE PROXIMIDADE | G19: 120Vca | H19: - | I19: - | J19: Schneider | K19: XS630B1MAL2 | L19: 1 | M19: SINOMA | N19: Z2RM5 | O19: - | P19: - | Q19: - | S19: 5
A20: =A19+1 -> 15 | B20: Z2J10M1TE1 | C20: 571BE01.M1.TS1 | D20: TEMPERATURA FASE R - Z2J10 | E20: Motor Winding Temperature | G20: PT100 | J20: SIEMENS | K20: PENDENTE SINOMA | L20: 1 | M20: SINOMA | N20: Z2RM5 | O20: - | P20: - | Q20: - | S20: 5
A21: =A20+1 -> 16 | B21: Z2J10M1TE2 | C21: 571BE01.M1.TS2 | D21: TEMPERATURA FASE S - Z2J10 | E21: Motor Winding Temperature | G21: PT100 | J21: SIEMENS | K21: PENDENTE SINOMA | L21: 1 | M21: SINOMA | N21: Z2RM5 | O21: - | P21: - | Q21: - | S21: 5
A22: =A21+1 -> 17 | B22: Z2J10M1TE3 | C22: 571BE01.M1.TS3 | D22: TEMPERATURA FASE T- Z2J10 | E22: Motor Winding Temperature | G22: PT100 | J22: SIEMENS | K22: PENDENTE SINOMA | L22: 1 | M22: SINOMA | N22: Z2RM5 | O22: - | P22: - | Q22: - | S22: 5
A23: =A22+1 -> 18 | B23: Z2J11LSH | C23: - | D23: REGUEIRA DE SAÍDA DO ELEVADOR DE CANECAS - Z2J11 | E23: NÍVEL ALTO | F23: CHAVE DE NÍVEL | G23: 120Vca | H23: 150mm | I23: 300mm | J23: VEGA | K23: VEGAVIB63 | L23: 1 | M23: VOTORANTIM | N23: Z2RM7 | O23: - | P23: ED-I-Z2000-107 | Q23: - | S23: 1
A24: =A23+1 -> 19 | B24: Z2J16ZSH | C24: - | D24: VÁLVULA DUPLO FLAP - Z2J16 | E24: ABERTO SUPERIOR | F24: SENSOR INDUTIVO DE PROXIMIDADE | G24: 120Vca | H24: - | I24: - | J24: TELEMECANIQUE | K24: XS1M30MB250 | L24: 1 | M24: VOTORANTIM | N24: Z2RM7 | O24: - | P24: ED-I-Z2000-103 | Q24: - | S24: 1
A25: =A24+1 -> 20 | B25: Z2J16ZSL | C25: - | D25: VÁLVULA DUPLO FLAP - Z2J16 | E25: ABERTO INFERIOR | F25: SENSOR INDUTIVO DE PROXIMIDADE | G25: 120Vca | H25: - | I25: - | J25: TELEMECANIQUE | K25: XS1M30MB250 | L25: 1 | M25: VOTORANTIM | N25: Z2RM7 | O25: - | P25: ED-I-Z2000-103 | Q25: - | S25: 1
A26: =A25+1 -> 21 | B26: Z2J18LSH | C26: 571BE02.LS1 | D26: ELEVADOR DE CANECAS - Z2J18 | E26: NÍVEL ALTO | F26: CHAVE DE NÍVEL | G26: 120Vca | H26: - | I26: - | J26: E+H | K26: FTE20-AA11AA31 | L26: 1 | M26: SINOMA | N26: Z2RM7 | O26: - | P26: - | Q26: - | S26: 1
A27: =A26+1 -> 22 | B27: Z2J18M1TSH | C27: 571BE02.TS1 | D27: ELEVADOR DE CANECAS - Z2J18 | E27: TEMPERATURA ÓLEO ACOPLAMENTO ELEVADOR Z2J18 | F27: SENSOR TEMPERATURA | G27: 120Vca | H27: - | I27: - | J27: Schneider | K27: XCMD2102L1 | L27: 1 | M27: SINOMA | N27: Z2RM7 | O27: - | P27: - | Q27: - | S27: 1
A28: =A27+1 -> 23 | B28: Z2J18M2SE | C28: 571BE02.M2.SS1 | D28: ELEVADOR DE CANECAS - Z2J18 | E28: SENSOR DO MOTOR AUXILIAR VIGIA DE VELOCIDADE | F28: SENSOR INDUTIVO NAMUR | G28: 120Vca | H28: - | I28: - | J28: IFM | K28: IG5497+ECV004 DD0203 | L28: 1 | M28: SINOMA | N28: Z2RM7 | O28: - | P28: - | Q28: - | S28: 1
A29: =A28+1 -> 24 | B29: Z2J18SE1 | C29: 571BE02.SS1 | D29: ELEVADOR DE CANECAS - Z2J18 | E29: SENSOR 1 - PÉ DO ELEVADOR VIGIA DE VELOCIDADE | F29: SENSOR INDUTIVO DE PROXIMIDADE | G29: 120Vca | H29: - | I29: - | J29: Schneider | K29: XSAV11801 | L29: 1 | M29: SINOMA | N29: Z2RM7 | O29: - | P29: - | Q29: - | S29: 1
A30: =A29+1 -> 25 | B30: Z2J18SE1CX | C30: - | D30: ELEVADOR DE CANECAS - Z2J18 | E30: CAIXA DE PROTEÇÃO PARA VIGIA DE VELOCIDADE | F30: - | G30: - | H30: - | I30: - | J30: - | K30: CX. Padrão Vigia de Velocidade com anteparo de 2 Aletas (30 a 60 rpm) | L30: 1 | M30: VOTORANTIM | N30: - | O30: VCM-0828 IT 02 + VCM-0830 | P30: Código de Compra VC: 491550 | Q30: COMPRAR CONFORME MODELO VOTORANTIM INFORMADO NA COLUNA FOLHA DE DADOS | S30: 1
A31: =A30+1 -> 26 | B31: Z2J18SE2 | C31: - | D31: ELEVADOR DE CANECAS - Z2J18 | E31: SENSOR 2 - PÉ DO ELEVADOR VIGIA DE VELOCIDADE | F31: SENSOR INDUTIVO DE PROXIMIDADE | G31: 120Vca | H31: - | I31: - | J31: TELEMECANIQUE | K31: XS1M30MB250 | L31: 1 | M31: VOTORANTIM | N31: Z2RM7 | O31: - | P31: ED-I-Z2000-103 | Q31: - | S31: 1
A32: =A31+1 -> 27 | B32: Z2J18SE2CX | C32: - | D32: ELEVADOR DE CANECAS - Z2J18 | E32: CAIXA DE PROTEÇÃO PARA VIGIA DE VELOCIDADE | F32: - | G32: - | H32: - | I32: - | J32: - | K32: CX. Padrão Vigia de Velocidade com anteparo de 2 Aletas (30 a 60 rpm) | L32: 1 | M32: VOTORANTIM | N32: - | O32: VCM-0828 IT 02 + VCM-0830 | P32: Código de Compra VC: 491550 | Q32: COMPRAR CONFORME MODELO VOTORANTIM INFORMADO NA COLUNA FOLHA DE DADOS | S32: 1
A33: =A32+1 -> 28 | B33: Z2J18SE3 | C33: - | D33: ELEVADOR DE CANECAS - Z2J18 | E33: SENSOR - TOPO DO ELEVADOR VIGIA DE VELOCIDADE | F33: SENSOR INDUTIVO DE PROXIMIDADE | G33: 120Vca | H33: - | I33: - | J33: TELEMECANIQUE | K33: XS1M30MB250 | L33: 1 | M33: VOTORANTIM | N33: Z2RM7 | O33: - | P33: ED-I-Z2000-103 | Q33: - | S33: 1
A34: =A33+1 -> 29 | B34: Z2J18SE3CX | C34: - | D34: ELEVADOR DE CANECAS - Z2J18 | E34: CAIXA DE PROTEÇÃO PARA VIGIA DE VELOCIDADE | F34: - | G34: - | H34: - | I34: - | J34: - | K34: CX. Padrão Vigia de Velocidade com anteparo de 2 Aletas (30 a 60 rpm) | L34: 1 | M34: VOTORANTIM | N34: - | O34: VCM-0828 IT 02 + VCM-0830 | P34: Código de Compra VC: 491550 | Q34: COMPRAR CONFORME MODELO VOTORANTIM INFORMADO NA COLUNA FOLHA DE DADOS | S34: 1
... A38: =A37+1 -> 33 | B38: Z2J18ZSH2 | C38: 571BE02.XS1 | D38: ELEVADOR DE CANECAS - Z2J18 | E38: ESTICAMENTO NO TOPO | F38: SENSOR INDUTIVO DE PROXIMIDADE | G38: 120Vca | H38: - | I38: - | J38: Schneider | K38: XS630B1MAL2 | L38: 1 | M38: SINOMA | N38: Z2RM7 | O38: - | P38: - | Q38: - | S38: 5
A39: =A38+1 -> 34 | B39: Z2J19LSH | C39: - | D39: REGUEIRA DE SAÍDA DA VÁLVULA SEPARADOR - Z2J19 | E39: NÍVEL ALTO | F39: CHAVE DE NÍVEL | G39: 120Vca | H39: 150mm | I39: 300mm | J39: VEGA | K39: VEGAVIB63 | L39: 1 | M39: VOTORANTIM | N39: Z2RM7 | O39: - | P39: ED-I-Z2000-107 | S39: 1
A40: =A39+1 -> 35 | B40: Z2J33SE | C40: 571RF03.SS1 | D40: VÁLVULA ROTATIVA - Z2J33 | E40: VIGIA DE VELOCIDADE | F40: SENSOR INDUTIVO DE PROXIMIDADE | G40: 120Vca | H40: - | I40: - | J40: Schneider | K40: XSAV11801 | L40: 1 | M40: SINOMA | N40: Z2RM3 | O40: - | P40: - | Q40: - | S40: 1
A41: =A40+1 -> 36 | B41: Z2J33SECX | C41: - | D41: VÁLVULA ROTATIVA - Z2J33 | E41: CAIXA DE PROTEÇÃO PARA VIGIA DE VELOCIDADE | F41: - | G41: - | H41: - | I41: - | J41: - | K41: CX. Padrão Vigia de Velocidade com anteparo de 2 Aletas (30 a 60 rpm) | L41: 1 | M41: VOTORANTIM | N41: - | O41: VCM-0828 IT 02 + VCM-0830 | P41: Código de Compra VC: 491550 | Q41: COMPRAR CONFORME MODELO VOTORANTIM INFORMADO NA COLUNA FOLHA DE DADOS | S41: 1
A42: =A41+1 -> 37 | B42: Z2J34SE | C42: 571SC01.SS1 | D42: ROSCA TRANSPORTADORA - Z2J34 | E42: VIGIA DE VELOCIDADE | F42: SENSOR INDUTIVO DE PROXIMIDADE | G42: 120Vca | H42: - | I42: - | J42: Schneider | K42: XSAV11801 | L42: 1 | M42: SINOMA | N42: Z2RM3 | O42: - | P42: - | Q42: - | S42: 1
A43: =A42+1 -> 38 | B43: Z2J34SECX | C43: - | D43: ROSCA TRANSPORTADORA - Z2J34 | E43: CAIXA DE PROTEÇÃO PARA VIGIA DE VELOCIDADE | F43: - | G43: - | H43: - | I43: - | J43: - | K43: CX. Padrão Vigia de Velocidade com anteparo de 2 Aletas (30 a 60 rpm) | L43: 1 | M43: VOTORANTIM | N43: - | O43: VCM-0828 IT 02 + VCM-0830 | P43: Código de Compra VC: 491550 | Q43: COMPRAR CONFORME MODELO VOTORANTIM INFORMADO NA COLUNA FOLHA DE DADOS | S43: 1
A44: =A43+1 -> 39 | B44: Z2K01FT1 | C44: 571WS01.FZ1 | D44: SISTEMA DE INJEÇÃO DE ÁGUA PARA MOINHO - Z2K01 | E44: VAZÃO DE ÁGUA DO SISTEMA DE INJEÇÃO DE ÁGUA PARA MOINHO | F44: TRANSMISSOR DE VAZÃO | G44: 4-20 mA | H44: 0 m3/h | I44: 15 m3/h | J44: SIEMENS | K44: SITRANS FM MAG 5100 W | L44: 1 | M44: SINOMA | N44: Z2RM2 | O44: - | P44: - | Q44: - | S44: 1
A45: =A44+1 -> 40 | B45: Z2K01FT2 | C45: 571WS01.FZ2 | D45: SISTEMA DE INJEÇÃO DE ÁGUA PARA MOINHO - Z2K01 | E45: VAZÃO DE ÁGUA DO SISTEMA DE INJEÇÃO DE ÁGUA PARA MOINHO | F45: TRANSMISSOR DE VAZÃO | G45: 4-20 mA | H45: 0 m3/h | I45: 15 m3/h | J45: SIEMENS | K45: SITRANS FM MAG 5000 | L45: 1 | M45: SINOMA | N45: Z2RM2 | O45: - | P45: - | Q45: - | S45: 1
A46: =A45+1 -> 41 | B46: Z2K01LSH | C46: 571WS01.LS1 | D46: SISTEMA DE INJEÇÃO DE ÁGUA PARA MOINHO - Z2K01 | E46: NÍVEL ALTO DO TANQUE DE ÁGUA | F46: CHAVE DE NÍVEL TIPO BOIA | G46: 120Vca | H46: - | I46: - | J46: SUPMEA | K46: P260-B | L46: 1 | M46: SINOMA | N46: Z2RM2 | O46: - | P46: - | Q46: Um sensor, três posições | S46: 1
A47: =A46+1 -> 42 | B47: Z2K01LSL | C47: 571WS01.LS2 | D47: SISTEMA DE INJEÇÃO DE ÁGUA PARA MOINHO - Z2K01 | E47: NÍVEL BAIXO DO TANQUE DE ÁGUA | F47: CHAVE DE NÍVEL TIPO BOIA | G47: 120Vca | H47: - | I47: -
A48: =A47+1 -> 43 | B48: Z2K01LSLL | C48: 571WS01.LS3 | D48: SISTEMA DE INJEÇÃO DE ÁGUA PARA MOINHO - Z2K01 | E48: NÍVEL MUITO BAIXO DO TANQUE DE ÁGUA | F48: CHAVE DE NÍVEL TIPO BOIA | G48: 120Vca | H48: - | I48: -
A49: =A48+1 -> 44 | B49: Z2K01PSL | C49: - | D49: SISTEMA DE INJEÇÃO DE ÁGUA PARA MOINHO - Z2K01 | E49: PRESSÃO BAIXA LINHA DE AR | F49: PRESSOSTATO | G49: 120Vca | H49: - | I49: - | J49: TELEMECANIQUE | K49: XMLB010A2S11 | L49: 1 | M49: VOTORANTIM | N49: Z2RM2 | O49: - | P49: ED-I-Z2000-122 | Q49: - | S49: 1
A50: =A49+1 -> 45 | B50: Z2K01PT1 | C50: - | D50: SISTEMA DE INJEÇÃO DE ÁGUA PARA MOINHO - Z2K01 | E50: PRESSÃO DE ÁGUA DO SISTEMA DE INJEÇÃO DE ÁGUA PARA MOINHO | F50: TRANSMISSOR DE PRESSÃO | G50: 4-20 mA | H50: 0 bar | I50: 2,5 bar | J50: SIEMENS | K50: 7MF0350-1G01-5BFO-Z | L50: 1 | M50: SINOMA | N50: Z2RM2 | O50: - | P50: - | Q50: - | S50: 1
A51: =A50+1 -> 46 | B51: Z2K01PT2 | C51: - | D51: SISTEMA DE INJEÇÃO DE ÁGUA PARA MOINHO - Z2K01 | E51: PRESSÃO DE ÁGUA DO SISTEMA DE INJEÇÃO DE ÁGUA PARA MOINHO | F51: TRANSMISSOR DE PRESSÃO | G51: 4-20 mA | H51: 0 bar | I51: 2,5 bar | J51: SIEMENS | K51: 7MF0350-1G01-5BFO-Z | L51: 1 | M51: SINOMA | N51: Z2RM2 | O51: - | P51: - | Q51: - | S51: 1
A52: =A51+1 -> 47 | B52: Z2K01PT3 | C52: - | D52: SISTEMA DE INJEÇÃO DE ÁGUA PARA MOINHO - Z2K01 | E52: PRESSÃO DE ÁGUA DO SISTEMA DE INJEÇÃO DE ÁGUA PARA MOINHO | F52: TRANSMISSOR DE PRESSÃO | G52: 4-20 mA | H52: 0 bar | I52: 2,5 bar | J52: SIEMENS | K52: 7MF0350-1G01-5BFO-Z | L52: 1 | M52: SINOMA | N52: Z2RM2 | O52: - | P52: - | Q52: - | S52: 1
A53: =A52+1 -> 48 | B53: Z2K01XV | C53: - | D53: SISTEMA DE INJEÇÃO DE ÁGUA PARA MOINHO - Z2K01 | E53: COMANDO ABRE / FECHA | F53: VÁLVULA SOLENOIDE | G53: 120Vca | H53: - | I53: - | J53: RUNFLOW | K53: BV21DP02F3P21 solenoid valve：ASCO SCG551A001MS | L53: 1 | M53: SINOMA | N53: Z2RM2 | O53: - | P53: - | Q53: - | S53: 1
A54: =A53+1 -> 49 | B54: Z2K01ZSH | C54: - | D54: SISTEMA DE INJEÇÃO DE ÁGUA PARA MOINHO - Z2K01 | E54: POSIÇÃO ABERTA | F54: SENSOR INDUTIVO DE PROXIMIDADE | G54: 120Vca | H54: - | I54: - | J54: RUNFLOW | K54: Com a válvula BOX:ALS-200M2 | O54: - | P54: - | Q54: - | S54: 1
A55: =A54+1 -> 50 | B55: Z2K01ZSL | C55: - | D55: SISTEMA DE INJEÇÃO DE ÁGUA PARA MOINHO - Z2K01 | E55: POSIÇÃO FECHADA | F55: SENSOR INDUTIVO DE PROXIMIDADE | G55: 120Vca | H55: - | I55: - | O55: - | P55: - | Q55: - | S55: 1
A56: =A55+1 -> 51 | B56: Z2K04SP | C56: - | D56: SISTEMA DE INJEÇÃO DE ÁGUA PARA MOINHO - Z2K01 | E56: VÁLVULA DE CONTROLE PNEUMÁTICO | F56: SETPOINT | G56: 4-20 mA | H56: 0 | I56: 1 | J56: RUNFLOW | K56: CVBVSF2S22-DN20 | L56: 1 | M56: SINOMA | N56: Z2RM2 | O56: - | P56: - | Q56: - | S56: 1
A57: =A56+1 -> 52 | B57: Z2K04ZT | C57: - | D57: SISTEMA DE INJEÇÃO DE ÁGUA PARA MOINHO - Z2K01 | E57: VÁLVULA DE CONTROLE PNEUMÁTICO | F57: POSIÇÃO | G57: 4-20 mA | H57: 0 | I57: 1 | O57: - | P57: - | Q57: - | S57: 1
A58: =A57+1 -> 53 | B58: Z2K05SP | C58: - | D58: SISTEMA DE INJEÇÃO DE ÁGUA PARA MOINHO - Z2K01 | E58: VÁLVULA DE CONTROLE PNEUMÁTICO | F58: SETPOINT | G58: 4-20 mA | H58: 0 | I58: 1 | J58: RUNFLOW | K58: CVBVSF2S22-DN25 | L58: 1 | M58: SINOMA | N58: Z2RM2 | O58: - | P58: - | Q58: - | S58: 1
A59: =A58+1 -> 54 | B59: Z2K05ZT | C59: - | D59: SISTEMA DE INJEÇÃO DE ÁGUA PARA MOINHO - Z2K01 | E59: VÁLVULA DE CONTROLE PNEUMÁTICO | F59: POSIÇÃO | G59: 4-20 mA | H59: 0 | I59: 1 | O59: - | P59: - | Q59: - | S59: 1
A60: =A59+1 -> 55 | B60: Z2K06LSL | C60: - | D60: TORRE ALPINA - Z2K06 | E60: NÍVEL BAIXO DE ÁGUA | F60: CHAVE DE NÍVEL TIPO BOIA | G60: 120Vca | H60: - | I60: - | J60: KOBOLD | K60: NKP-2401 | L60: 1 | M60: VOTORANTIM | N60: Z2RM2 | O60: - | P60: ED-I-Z2000-109 | Q60: - | S60: 1
A61: =A60+1 -> 56 | B61: Z2K10LT | C61: - | D61: TANQUE DE ADITIVOS - Z2K10 | E61: NÍVEL DO TANQUE | F61: TRANSMISSOR DE NÍVEL TIPO RADAR | G61: 4-20 mA | H61: - | I61: - | J61: VEGA | K61: VEGAPULS 31 | L61: 1 | M61: VOTORANTIM | N61: Z2RM2 | O61: - | P61: ED-I-Z2000-123 | Q61: - | S61: 1
A62: =A61+1 -> 57 | B62: Z2K11LT | C62: - | D62: TANQUE DE ADITIVOS - Z2K11 | E62: NÍVEL DO TANQUE | F62: TRANSMISSOR DE NÍVEL TIPO RADAR | G62: 4-20 mA | H62: - | I62: - | J62: VEGA | K62: VEGAPULS 31 | L62: 1 | M62: VOTORANTIM | N62: Z2RM2 | O62: - | P62: ED-I-Z2000-123 | Q62: - | S62: 1
A63: =A62+1 -> 58 | B63: Z2M01LSH | C63: - | D63: MOINHO DE BOLAS - Z2M01 | E63: NÍVEL DE SAÍDA DO MOINHO | F63: CHAVE DE NÍVEL | G63: 120Vca | H63: - | I63: - | J63: VEGA | K63: VEGAVIB63 | L63: 1 | M63: VOTORANTIM | N63: Z2RM5 | O63: - | P63: ED-I-Z2000-107 | Q63: - | S63: 1
A64: =A63+1 -> 59 | B64: Z2M01LT1.1 | C64: 571BM01.XZ1 | D64: MOINHO DE BOLAS - Z2M01 | E64: NÍVEL DE ENCHIMENTO DE ENTRADA DO MOINHO | F64: TRANSMISSOR DE VIBRAÇÃO | G64: 4-20 mA | H64: 0 | I64: 1 | J64: DENSYX | K64: MillScan G4 | L64: 1 | M64: SINOMA | N64: Z2RM5 | O64: - | P64: - | Q64: - | S64: 1
A65: =A64+1 -> 60 | B65: Z2M01LT1.2 | C65: 571BM01.XZ1 | D65: MOINHO DE BOLAS - Z2M01 | E65: NÍVEL DE ENCHIMENTO DE SAÍDA DO MOINHO | F65: TRANSMISSOR DE VIBRAÇÃO | G65: 4-20 mA | H65: 0 | I65: 1 | J65: DENSYX | K65: MillScan G4 | L65: 1 | M65: SINOMA | N65: Z2RM5 | O65: - | P65: - | Q65: - | S65: 1
A66: =A65+1 -> 61 | B66: Z2M01LT1Q1 | C66: 571BM01.XZ1 | D66: MOINHO DE BOLAS - Z2M01 | E66: NÍVEL DE ENCHIMENTO DO MOINHO | F66: VIBRAÇÃO | G66: 4-20 mA | H66: 0 | I66: 1 | J66: DENSYX | K66: MillScan G4 | L66: 1 | M66: SINOMA | N66: Z2RM5 | O66: - | P66: - | Q66: - | S66: 1
A67: =A66+1 -> 62 | B67: Z2M01PT1 | C67: 571BM01.PZ1 | D67: MOINHO DE BOLAS - Z2M01 | E67: PRESSÃO DE ENTRADA DO MOINHO | F67: TRANSMISSOR DE PRESSÃO | G67: 4-20 mA | H67: -0,03 bar | I67: 0 bar | J67: SIEMENS | K67: 7MF0300-1JE01-5AF2 | L67: 1 | M67: SINOMA | N67: Z2RM2 | O67: - | P67: - | Q67: - | S67: 1
A68: =A67+1 -> 63 | B68: Z2M01PT2 | C68: 571BM01.PZ2 | D68: MOINHO DE BOLAS - Z2M01 | E68: PRESSÃO DE SAÍDA DO MOINHO | F68: TRANSMISSOR DE PRESSÃO | G68: 4-20 mA | H68: -0,03 bar | I68: 0 bar | J68: SIEMENS | K68: 7MF0300-1JE01-5AF2 | L68: 1 | M68: SINOMA | N68: Z2RM5 | O68: - | P68: - | Q68: - | S68: 1
A69: =A68+1 -> 64 | B69: Z2M01TE1 | C69: 571BM01.TEH | D69: MOINHO DE BOLAS - Z2M01 | E69: TEMPERATURA DE SAÍDA | F69: PT-100 | G69: RESISTÊNCIA | H69: 0°C | I69: 400°C | J69: SIEMENS | K69: 7MC5516-1LA34-0BA2 | L69: 1 | M69: SINOMA | N69: Z2RM2 | O69: - | P69: - | Q69: - | S69: 1
A70: =A69+1 -> 65 | B70: Z2M01TE2 | C70: 571BM01.TEJ | D70: MOINHO DE BOLAS - Z2M01 | E70: TEMPERATURA DE TIRAGEM | F70: PT-100 | G70: RESISTÊNCIA | H70: 0°C | I70: 400°C | J70: SIEMENS | K70: 7MC5516-1LA34-0BA2 | L70: 1 | M70: SINOMA | N70: Z2RM5 | O70: - | P70: - | Q70: - | S70: 1
A71: =A70+1 -> 66 | B71: Z2M01TE3 | C71: - | D71: MOINHO DE BOLAS - Z2M01 | E71: TEMPERATURA TABIQUE DO MOINHO | F71: SENSOR PT-100 / EMISSOR (WIRELESS HART) | G71: RESISTÊNCIA | H71: - | I71: - | J71: EMERSON | K71: 648DX1D1I1WA3WK1B5M5Q4 + 214C RT SM A1 S3 M 0300 CC | L71: 1 | M71: VOTORANTIM | N71: Z2RM2 | O71: - | P71: ED-I-Z2000-114 | Q71: - | S71: 1
A72: =A71+1 -> 67 | B72: Z2M01TT3 | C72: - | D72: MOINHO DE BOLAS - Z2M01 | E72: TEMPERATURA TABIQUE DO MOINHO | F72: RECEPTOR / TRANSMISSOR TEMPERATURA | G72: - | H72: 0°C | I72: 150°C | J72: EMERSON | K72: 1410S1NA31ND6NA + 781SA1PNANA5WP3 | L72: 1 | M72: VOTORANTIM | N72: Z2RM2 | O72: - | P72: ED-I-Z2000-114 | Q72: - | S72: 1
A73: =A72+1 -> 68 | B73: Z2M01TE4 | C73: 571BM01.TEI | D73: MOINHO DE BOLAS - Z2M01 | E73: TEMPERATURA DE ENTRADA | F73: PT-100 | G73: RESISTÊNCIA | H73: 0°C | I73: 400°C | J73: SIEMENS | K73: 7MC5516-1LA34-0BA2 | L73: 1 | M73: SINOMA | N73: Z2RM5 | O73: - | P73: - | Q73: - | S73: 1
A74: =A73+1 -> 69 | B74: Z2SKFQ2 | C74: - | D74: REDUTOR DO MOINHO - Z2M02 | E74: SISTEMA SKF | F74: PAINEL DO SISTEMA SKF | G74: 4-20 mA | H74: - | I74: - | J74: SKF | K74: 2 x IMX-8 | L74: 16 | M74: VOTORANTIM | N74: Z2CLP1 | O74: - | P74: - | Q74: SINAIS COLETADOS VIA REDE - 2 UNIDADES TRANSMISSOR DE VIBRAÇÃO EIXO DE ENTRADA AXIAL - 6 UNIDADES TRANSMISSOR DE VIBRAÇÃO EIXO DE INTERMEDIÁRIOS RADIAL - 2 UNIDADES TRANSMISSOR DE VIBRAÇÃO EIXO SUPERIOR AXIAL - 2 UNIDADES TRANSMISSOR DE VIBRAÇÃO EIXO SUPERIOR RADIAL - 2 UNIDADES TRANSMISSOR DE VIBRAÇÃO EIXO INFERIOR AXIAL - 2 UNIDADES TRANSMISSOR DE VIBRAÇÃO EIXO INFERIOR RADIAL | S74: 1
A75: =A74+1 -> 70 | B75: Z2M02TE1 | C75: 571AD01.TE1 | D75: REDUTOR DO MOINHO - Z2M02 | E75: TEMPERATURA DO REDUTOR - 1 | F75: PT-100 | G75: RESISTÊNCIA | H75: 0°C | I75: 150°C | J75: Nanjing Hengrun | K75: WZP-MK-2-B6-0110-IP65-C4H | L75: 1 | M75: SINOMA | N75: Z2RM4 | O75: - | P75: - | Q75: - | S75: 1
A76: =A75+1 -> 71 | B76: Z2M02TE2 | C76: 571AD01.TE2 | D76: REDUTOR DO MOINHO - Z2M02 | E76: TEMPERATURA DO REDUTOR - 2 | F76: PT-100 | G76: RESISTÊNCIA | H76: 0°C | I76: 150°C | J76: Nanjing Hengrun | K76: WZP-MK-2-B6-0110-IP65-C4H | L76: 1 | M76: SINOMA | N76: Z2RM4 | O76: - | P76: - | Q76: - | S76: 1
A77: =A76+1 -> 72 | B77: Z2M02TE3 | C77: 571AD01.TE3 | D77: REDUTOR DO MOINHO - Z2M02 | E77: TEMPERATURA DO REDUTOR - 3 | F77: PT-100 | G77: RESISTÊNCIA | H77: 0°C | I77: 150°C | J77: Nanjing Hengrun | K77: WZP-MK-2-B6-0110-IP65-C4H | L77: 1 | M77: SINOMA | N77: Z2RM4 | O77: - | P77: - | Q77: - | S77: 1
A78: =A77+1 -> 73 | B78: Z2M02TE4 | C78: 571AD01.TE4 | D78: REDUTOR DO MOINHO - Z2M02 | E78: TEMPERATURA DO REDUTOR - 4 | F78: PT-100 | G78: RESISTÊNCIA | H78: 0°C | I78: 150°C | J78: Nanjing Hengrun | K78: WZP-MK-2-B6-0110-IP65-C4H | L78: 1 | M78: SINOMA | N78: Z2RM4 | O78: - | P78: - | Q78: - | S78: 1
... A110: =A109+1 -> 105 | B110: Z2M03Q1LSH | C110: - | D110: REOSTATO LÍQUIDO DO MOTOR PRINCIPAL DO MOINHO - Z2M03Q1 | E110: NÍVEL ALTO DO TANQUE | F110: CHAVE DE NÍVEL TIPO BOIA | G110: 120Vca | H110: - | I110: - | J110: FAST | K110: FAST-150LP-2A2+2A1 | L110: 1 | M110: SINOMA | N110: Z2RM4 | O110: - | P110: - | Q110: SINAIS COLETADOS VIA REDE Um sensor, duas posições | S110: 1
A111: =A110+1 -> 106 | B111: Z2M03Q1LSL | C111: - | D111: REOSTATO LÍQUIDO DO MOTOR PRINCIPAL DO MOINHO - Z2M03Q1 | E111: NÍVEL BAIXO DO TANQUE | F111: CHAVE DE NÍVEL TIPO BOIA | G111: 120Vca | H111: - | I111: -
A112: =A111+1 -> 107 | B112: Z2M03Q1TE | C112: - | D112: REOSTATO LÍQUIDO DO MOTOR PRINCIPAL DO MOINHO - Z2M03Q1 | E112: TEMPERATURA DO TANQUE | F112: PT-100 | G112: RESISTÊNCIA | H112: - | I112: - | J112: F&B | K112: Pt100 L=250 | L112: 1 | M112: SINOMA | N112: Z2RM4 | O112: - | P112: - | Q112: SINAIS COLETADOS VIA REDE | S112: 1
A113: =A112+1 -> 108 | B113: Z2M04M1TSH | C113: 571BM01AD01.TS1~3 | D113: MOTOR AUXILIAR GIRO LENTO - Z2M04 | E113: TEMPERATURA ALTA DO MOTOR DE GIRO LENTO | F113: TERMOSTATO | G113: 120Vca | H113: - | I113: - | J113: Dandong Keliang | K113: WZP | L113: 3 | M113: SINOMA | N113: Z2RM4 | O113: - | P113: - | Q113: - | S113: 1
A114: =A113+1 -> 109 | B114: Z2M04M1ZS | C114: 571BM01AD01.ZS1 | D114: MOTOR AUXILIAR GIRO LENTO - Z2M04 | E114: FREIO ABERTO GIRO LENTO | F114: FIM DE CURSO | G114: 120Vca | H114: - | I114: - | J114: Schneider | K114: XS618B1MAL2 | L114: 1 | M114: SINOMA | N114: Z2RM4 | O114: - | P114: - | Q114: - | S114: 1
A115: =A114+1 -> 110 | B115: Z2M04M1ZSH | C115: - | D115: MOTOR AUXILIAR GIRO LENTO - Z2M04 | E115: ROTAÇÃO LENTA ACOPLADA | F115: SENSOR INDUTIVO DE PROXIMIDADE | G115: 120Vca | H115: - | I115: - | J115: TELEMECANIQUE | K115: XS1M30MB250 | L115: 1 | M115: VOTORANTIM | N115: Z2RM4 | O115: - | P115: ED-I-Z2000-103 | Q115: - | S115: 1
A116: =A115+1 -> 111 | B116: Z2M04M1ZSL | C116: - | D116: MOTOR AUXILIAR GIRO LENTO - Z2M04 | E116: GIRO LENTO DESACOPLADO | F116: SENSOR INDUTIVO DE PROXIMIDADE | G116: 120Vca | H116: - | I116: - | J116: TELEMECANIQUE | K116: XS1M30MB250 | L116: 1 | M116: VOTORANTIM | N116: Z2RM4 | O116: - | P116: ED-I-Z2000-103 | Q116: - | S116: 1
A117: =A116+1 -> 112 | B117: Z2M05FSL | C117: - | D117: UNIDADE DE LUBRIFICAÇÃO MANCAL DE ENTRADA DO MOINHO - Z2M05 | E117: FLUXO DE ÁGUA SISTEMA DE ARREFECIMENTO | F117: FLUXOSTATO | G117: 120Vca | H117: - | I117: - | J117: IFM | K117: SI5006 | L117: 1 | M117: VOTORANTIM | N117: Z2RM2 | O117: - | P117: ED-I-Z2000-113 | Q117: - | S117: 1
A118: =A117+1 -> 113 | B118: Z2M05FT1 | C118: - | D118: UNIDADE DE LUBRIFICAÇÃO MANCAL DE ENTRADA DO MOINHO - Z2M05 | E118: VAZÃO 1 DE ÓLEO DA BOMBA DE BAIXA PRESSÃO NO MANCAL DE ENTRADA | F118: TRANSMISSOR DE VAZÃO | G118: 4-20 mA | H118: - | I118: - | J118: IFM | K118: SI0551 | L118: 1 | M118: VOTORANTIM | N118: Z2RM2 | O118: - | P118: ED-I-Z2000-116 | Q118: - | S118: 1
A119: =A118+1 -> 114 | B119: Z2M05FT2 | C119: - | D119: UNIDADE DE LUBRIFICAÇÃO MANCAL DE ENTRADA DO MOINHO - Z2M05 | E119: VAZÃO 2 DE ÓLEO DA BOMBA DE BAIXA PRESSÃO NO MANCAL DE ENTRADA | F119: TRANSMISSOR DE VAZÃO | G119: 4-20 mA | H119: - | I119: - | J119: IFM | K119: SI0551 | L119: 1 | M119: VOTORANTIM | N119: Z2RM2 | O119: - | P119: ED-I-Z2000-116 | Q119: - | S119: 1
A120: =A119+1 -> 115 | B120: Z2M05LSL | C120: 571LQ01.LS1 | D120: UNIDADE DE LUBRIFICAÇÃO MANCAL DE ENTRADA DO MOINHO - Z2M05 | E120: NÍVEL BAIXO DE ÓLEO NO TANQUE | F120: CHAVE DE NÍVEL | G120: 120Vca | H120: - | I120: - | J120: KSR | K120: ZNJC03030701 | L120: 1 | M120: SINOMA | N120: Z2RM2 | O120: - | P120: - | Q120: Um sensor, duas posições | S120: 1
A121: =A120+1 -> 116 | B121: Z2M05LSLL | C121: 571LQ01.LS1 | D121: UNIDADE DE LUBRIFICAÇÃO MANCAL DE ENTRADA DO MOINHO - Z2M05 | E121: NÍVEL MUITO BAIXO DE ÓLEO NO TANQUE | F121: CHAVE DE NÍVEL | G121: 120Vca | H121: - | I121: -
A122: =A121+1 -> 117 | B122: Z2M05PDSH | C122: 571LQ01.PS1 | D122: UNIDADE DE LUBRIFICAÇÃO MANCAL DE ENTRADA DO MOINHO - Z2M05 | E122: ENTUPIMENTO DO FILTRO DE ÓLEO | F122: PRESSOSTATO DIFERENCIAL | G122: 120Vca | H122: - | I122: - | J122: CCS | K122: ZNJC01030101 | L122: 1 | M122: SINOMA | N122: Z2RM2 | O122: - | P122: - | Q122: - | S122: 1
A123: =A122+1 -> 118 | B123: Z2M05PT1 | C123: 571LQ01.PZ1 | D123: UNIDADE DE LUBRIFICAÇÃO MANCAL DE ENTRADA DO MOINHO - Z2M05 | E123: PRESSÃO DE ÓLEO LINHA DE BAIXA PRESSÃO | F123: TRANSMISSOR DE PRESSÃO | G123: 4-20 mA | H123: 0 bar | I123: 400 bar | J123: Siemens | K123: 7MF1567 | L123: 1 | M123: SINOMA | N123: Z2RM2 | O123: - | P123: - | Q123: - | S123: 1
A124: =A123+1 -> 119 | B124: Z2M05TE1 | C124: 571LQ01.TE1 | D124: UNIDADE DE LUBRIFICAÇÃO MANCAL DE ENTRADA DO MOINHO - Z2M05 | E124: TEMPERATURA DE ÓLEO TANQUE DE ÓLEO | F124: PT-100 | G124: RESISTÊNCIA | H124: -50°C | I124: 150°C | J124: Siemens | K124: 7MC5516 | L124: 1 | M124: SINOMA | N124: Z2RM2 | O124: - | P124: - | Q124: - | S124: 1
A125: =A124+1 -> 120 | B125: Z2M05TE2 | C125: 571LQ01.TE2 | D125: UNIDADE DE LUBRIFICAÇÃO MANCAL DE ENTRADA DO MOINHO - Z2M05 | E125: TEMPERATURA DE ÓLEO LINHA BAIXA PRESSÃO | F125: PT-100 | G125: RESISTÊNCIA | H125: -50°C | I125: 150°C | J125: Siemens | K125: 7MC5516 | L125: 1 | M125: SINOMA | N125: Z2RM2 | O125: - | P125: - | Q125: - | S125: 1
A126: =A125+1 -> 121 | B126: Z2M05XV | C126: - | D126: UNIDADE DE LUBRIFICAÇÃO MANCAL DE ENTRADA DO MOINHO - Z2M05 | E126: VÁLVULA ON/OFF SISTEMA DE ARREFECIMENTO | F126: VÁLVULA SOLENOIDE | G126: 120Vca | H126: - | I126: - | J126: Festo | K126: VZWF-B-L-M22C-G34-275-2AP4-6-R1 | L126: 1 | M126: VOTORANTIM | N126: Z2RM2 | O126: - | P126: ED-I-Z2000-111 | Q126: - | S126: 1
A127: =A126+1 -> 122 | B127: Z2M05PT2 | C127: 571LQ01.PZ2 | D127: UNIDADE DE LUBRIFICAÇÃO MANCAL DE ENTRADA DO MOINHO - Z2M05 | E127: PRESSÃO DE ÓLEO LINHA DE ALTA PRESSÃO | F127: TRANSMISSOR DE PRESSÃO | G127: 4-20 mA | H127: 0 bar | I127: 400 bar | J127: Siemens | K127: 7MF1567 | L127: 1 | M127: SINOMA | N127: Z2RM2 | O127: - | P127: - | Q127: - | S127: 1
A128: =A127+1 -> 123 | B128: Z2M05PT3 | C128: 571LQ01.PZ3 | D128: UNIDADE DE LUBRIFICAÇÃO MANCAL DE ENTRADA DO MOINHO - Z2M05 | E128: PRESSÃO DE ÓLEO LINHA DE ALTA PRESSÃO | F128: TRANSMISSOR DE PRESSÃO | G128: 4-20 mA | H128: 0 bar | I128: 10 bar | J128: Siemens | K128: 7MF1567 | L128: 1 | M128: SINOMA | N128: Z2RM2 | O128: - | P128: - | Q128: - | S128: 1
A129: =A128+1 -> 124 | B129: Z2M10FSL | C129: - | D129: UNIDADE DE LUBRIFICAÇÃO MANCAL DE SAÍDA DO MOINHO - Z2M10 | E129: FLUXO DE ÁGUA SISTEMA DE ARREFECIMENTO | F129: FLUXOSTATO | G129: 120Vca | H129: - | I129: - | J129: IFM | K129: SI5006 | L129: 1 | M129: VOTORANTIM | N129: Z2RM5 | O129: - | P129: ED-I-Z2000-113 | Q129: - | S129: 1
A130: =A129+1 -> 125 | B130: Z2M10FT1 | C130: - | D130: UNIDADE DE LUBRIFICAÇÃO MANCAL DE SAÍDA DO MOINHO - Z2M10 | E130: VAZÃO 1 DE ÓLEO DA BOMBA DE BAIXA PRESSÃO NO MANCAL DE ENTRADA | F130: TRANSMISSOR DE VAZÃO | G130: 4-20 mA | H130: - | I130: - | J130: IFM | K130: SI0551 | L130: 1 | M130: VOTORANTIM | N130: Z2RM5 | O130: - | P130: ED-I-Z2000-116 | Q130: - | S130: 1
A131: =A130+1 -> 126 | B131: Z2M10FT2 | C131: - | D131: UNIDADE DE LUBRIFICAÇÃO MANCAL DE SAÍDA DO MOINHO - Z2M10 | E131: VAZÃO 2 DE ÓLEO DA BOMBA DE BAIXA PRESSÃO NO MANCAL DE ENTRADA | F131: TRANSMISSOR DE VAZÃO | G131: 4-20 mA | H131: - | I131: - | J131: IFM | K131: SI0551 | L131: 1 | M131: VOTORANTIM | N131: Z2RM5 | O131: - | P131: ED-I-Z2000-116 | Q131: - | S131: 1
A132: =A131+1 -> 127 | B132: Z2M10LSL | C132: - | D132: UNIDADE DE LUBRIFICAÇÃO MANCAL DE SAÍDA DO MOINHO - Z2M10 | E132: NÍVEL BAIXO DE ÓLEO NO TANQUE | F132: CHAVE DE NÍVEL | G132: 120Vca | H132: - | I132: - | J132: KSR | K132: ZNJC03030701 | L132: 1 | M132: SINOMA | N132: Z2RM5 | O132: - | P132: - | Q132: Um sensor, duas posições | S132: 1
A133: =A132+1 -> 128 | B133: Z2M10LSLL | C133: - | D133: UNIDADE DE LUBRIFICAÇÃO MANCAL DE SAÍDA DO MOINHO - Z2M10 | E133: NÍVEL ALTO DE ÓLEO NO TANQUE | F133: CHAVE DE NÍVEL | G133: 120Vca | H133: - | I133: -
A134: =A133+1 -> 129 | B134: Z2M10PDSH | C134: 571LQ02.PS1 | D134: UNIDADE DE LUBRIFICAÇÃO MANCAL DE SAÍDA DO MOINHO - Z2M10 | E134: ENTUPIMENTO DO FILTRO DE ÓLEO | F134: PRESSOSTATO DIFERENCIAL | G134: 120Vca | H134: - | I134: - | J134: CCS | K134: ZNJC01030101 | L134: 1 | M134: SINOMA | N134: Z2RM5 | O134: - | P134: - | Q134: - | S134: 1
...

Sheet TRANSPORTE
H1: CLIENTE: | I1: =CAPA!G27 -> VOTORANTIM CIMENTOS FÁBRICA DE EDEALINA - GO | M1: PROJETO: | N1: =CAPA!A31 -> FÁBRICA DE EDEALINA - GO PROJETO DETALHADO - MOAGEM DE CIMENTO Z2 | Q1: VERIFICADO: | R1: ALEXANDRE MANDUCA
Q2: APROVADO: | R2: GIANCARLO BORGES AVELAR
H3: TÍTULO: | I3: LISTA DE INSTRUMENTO TRANSPORTE DE CIMENTO | M3: Nº. CLIENTE: | N3: =CAPA!J38 -> ED-I-Z2000-120 | Q3: FOLHA: | R3: REVISÃO: | S3: =CAPA!Q24 -> 5
M4: Nº. SM&A: | N4: =CAPA!K19 -> LI-A-20V093E-001 | R4: DATA: | S4: =CAPA!K24 -> 45946
A5: ITEM | B5: TAG VC | C5: TAG SINOMA | D5: EQUIPAMENTO | E5: FUNÇÃO | F5: INSTRUMENTO | G5: TIPO DE SINAL | H5: RANGE MÍNIMO | I5: RANGE MÁXIMO | J5: FABRICANTE | K5: MODELO | L5: QT | M5: FORNECEDOR | N5: PAINEL PARA INTERLIGAÇÃO | O5: MATERIAL PARA MONTAGEM | P5: FOLHA DE DADOS | Q5: COMENTÁRIOS | S5: REV.
A6: 1 | B6: P1P111PSL | C6: 611BF04.PS1 | D6: FILTRO DE MANGAS - P1P111 | E6: PRESSÃO BAIXA LINHA DE AR | F6: PRESSOSTATO | G6: 120Vca | H6: - | I6: - | J6: SCHNEIDER | K6: XML B010A2S11 | L6: 1 | M6: SINOMA | N6: G1RM3/G1RM4 | O6: - | P6: - | Q6: - | S6: 1
A7: =A6+1 -> 2 | B7: P1P111Q1 | C7: 611BF04.UZ1 | D7: FILTRO DE MANGAS - P1P111 | E7: PROGRAMADOR DO FILTRO DE MANGAS | F7: PAINEL LOCAL | G7: 120Vca | H7: - | I7: - | J7: WALSH | K7: WHPC PULSER CONTROLLER | L7: 1 | M7: SINOMA | N7: G1RM3/G1RM4 | O7: - | P7: - | Q7: 3x VÁLVULA SOLENOIDE | S7: 1
A8: =A7+1 -> 3 | B8: P1P111PDT | C8: 611BF04.PZ1 | D8: FILTRO DE MANGAS - P1P111 | E8: PRESSÃO DIFERENCIAL FILTRO DE MANGAS | F8: TRANSMISSOR DE PRESSÃO DIFERENCIAL | G8: 4-20mA | J8: SIEMENS | K8: 7MF0340-1HM01-5SM2-Z B30+D42+E27 | L8: 1 | M8: SINOMA | N8: G1RM3/G1RM4 | O8: - | P8: - | Q8: - | S8: 1
A9: =A8+1 -> 4 | B9: P1P111LSH | C9: 611BF04.LS1 | D9: FILTRO DE MANGAS - P1P111 | E9: NÍVEL ALTO | F9: CHAVE DE NÍVEL | G9: 120Vca | J9: E+H | K9: FTM21-AG242A | L9: 1 | M9: SINOMA | N9: G1RM3/G1RM4 | O9: - | P9: - | Q9: - | S9: 1
A10: =A9+1 -> 5 | B10: P1P113SECX | C10: - | D10: VÁLVULA ROTATIVA - P1P113 | E10: CAIXA DE PROTEÇÃO PARA VIGIA DE VELOCIDADE | F10: - | G10: - | H10: - | I10: - | J10: - | K10: CX. Padrão Vigia de Velocidade com anteparo de 2 Aletas (30 a 60 rpm) | L10: 1 | M10: VOTORANTIM | N10: - | O10: VCM-0828 IT 02 + VCM-0830 | P10: Código de Compra VC: 491550 | Q10: COMPRAR CONFORME MODELO VOTORANTIM INFORMADO NA COLUNA FOLHA DE DADOS | S10: 1
A11: =A10+1 -> 6 | B11: P1P113SE | C11: 611RF03.SS1 | D11: VÁLVULA ROTATIVA - P1P113 | E11: VIGIA DE VELOCIDADE | F11: SENSOR INDUTIVO DE PROXIMIDADE | G11: 120Vca | H11: - | I11: - | J11: SCHNEIDER | K11: TE XSA-V11801 | L11: 1 | M11: SINOMA | N11: G1RM3/G1RM4 | O11: - | P11: - | Q11: - | S11: 1
A12: =A11+1 -> 7 | B12: P1U21LSH | C12: 611BE02.LS1 | D12: ELEVADOR DE CANECAS - P1U21 | E12: NÍVEL ALTO | F12: CHAVE DE NÍVEL | G12: 120Vca | H12: - | I12: - | J12: E+H | K12: FTE20-AA11AA31 | L12: 1 | M12: SINOMA | N12: G1RM5 | O12: - | P12: - | Q12: - | S12: 1
A13: =A12+1 -> 8 | B13: P1U21M2SE | C13: 611BE02.M2.SS1 | D13: ELEVADOR DE CANECAS - P1U21 | E13: SENSOR DO MOTOR AUXILIAR VIGIA DE VELOCIDADE | F13: SENSOR INDUTIVO NAMUR | G13: 120Vca | H13: - | I13: - | J13: PENDENTE SINOMA | K13: IG5497+ECV004 DD0203 | L13: 1 | M13: SINOMA | N13: G1RM3/G1RM4 | O13: - | P13: - | Q13: - | S13: 1
A14: =A13+1 -> 9 | B14: P1U21SE1 | C14: 611BE02.SS1 | D14: ELEVADOR DE CANECAS - P1U21 | E14: SENSOR 1 - PÉ DO ELEVADOR VIGIA DE VELOCIDADE | F14: SENSOR INDUTIVO DE PROXIMIDADE | G14: 120Vca | H14: - | I14: - | J14: Schneider | K14: XSAV11801 | L14: 1 | M14: SINOMA | N14: G1RM5 | O14: - | P14: - | Q14: - | S14: 1
A15: =A14+1 -> 10 | B15: P1U21SE1CX | C15: - | D15: ELEVADOR DE CANECAS - P1U21 | E15: CAIXA DE PROTEÇÃO PARA VIGIA DE VELOCIDADE | F15: - | G15: - | H15: - | I15: - | J15: - | K15: CX. Padrão Vigia de Velocidade com anteparo de 2 Aletas (30 a 60 rpm) | L15: 1 | M15: VOTORANTIM | N15: - | O15: VCM-0828 IT 02 + VCM-0830 | P15: Código de Compra VC: 491550 | Q15: COMPRAR CONFORME MODELO VOTORANTIM INFORMADO NA COLUNA FOLHA DE DADOS | S15: 1
A16: =A15+1 -> 11 | B16: P1U21SE2 | C16: - | D16: ELEVADOR DE CANECAS - P1U21 | E16: SENSOR 2 - PÉ DO ELEVADOR VIGIA DE VELOCIDADE | F16: SENSOR INDUTIVO DE PROXIMIDADE | G16: 120Vca | H16: - | I16: - | J16: TELEMECANIQUE | K16: XS1M30MB250 | L16: 1 | M16: VOTORANTIM | N16: G1RM5 | O16: - | P16: ED-I-Z2000-103 | Q16: - | S16: 1
A17: =A16+1 -> 12 | B17: P1U21SE2CX | C17: - | D17: ELEVADOR DE CANECAS - P1U21 | E17: CAIXA DE PROTEÇÃO PARA VIGIA DE VELOCIDADE | F17: - | G17: - | H17: - | I17: - | J17: - | K17: CX. Padrão Vigia de Velocidade com anteparo de 2 Aletas (30 a 60 rpm) | L17: 1 | M17: VOTORANTIM | N17: - | O17: VCM-0828 IT 02 + VCM-0830 | P17: Código de Compra VC: 491550 | Q17: COMPRAR CONFORME MODELO VOTORANTIM INFORMADO NA COLUNA FOLHA DE DADOS | S17: 1
A18: =A17+1 -> 13 | B18: P1U21SE3 | C18: - | D18: ELEVADOR DE CANECAS - P1U21 | E18: SENSOR - TOPO DO ELEVADOR VIGIA DE VELOCIDADE | F18: SENSOR INDUTIVO DE PROXIMIDADE | G18: 120Vca | H18: - | I18: - | J18: TELEMECANIQUE | K18: XS1M30MB250 | L18: 1 | M18: VOTORANTIM | N18: G1RM3/G1RM4 | O18: - | P18: ED-I-Z2000-103 | Q18: - | S18: 1
A19: =A18+1 -> 14 | B19: P1U21SE3CX | C19: - | D19: ELEVADOR DE CANECAS - P1U21 | E19: CAIXA DE PROTEÇÃO PARA VIGIA DE VELOCIDADE | F19: - | G19: - | H19: - | I19: - | J19: - | K19: CX. Padrão Vigia de Velocidade com anteparo de 2 Aletas (30 a 60 rpm) | L19: 1 | M19: VOTORANTIM | N19: - | O19: VCM-0828 IT 02 + VCM-0830 | P19: Código de Compra VC: 491550 | Q19: COMPRAR CONFORME MODELO VOTORANTIM INFORMADO NA COLUNA FOLHA DE DADOS | S19: 1
A20: =A19+1 -> 15 | B20: P1U21TSH | C20: 611BE02.TS1 | D20: ELEVADOR DE CANECAS - P1U21 | E20: TEMPERATURA ÓLEO ACOPLAMENTO ELEVADOR P1U21 | F20: TERMOSTATO | G20: 120Vca | H20: - | I20: - | J20: Schneider | K20: XCMD2102L1 | L20: 1 | M20: SINOMA | N20: G1RM3/G1RM4 | O20: - | P20: - | Q20: - | S20: 1
A21: =A20+1 -> 16 | B21: P1U21XSH1 | C21: 611BE02.DS1 | D21: ELEVADOR DE CANECAS - P1U21 | E21: DESALINHAMENTO TOPO DO ELEVADOR | F21: SENSOR INDUTIVO DE PROXIMIDADE | G21: 120Vca | H21: - | I21: - | J21: Schneider | K21: XS630B1MAL2 | L21: 2 | M21: SINOMA | N21: G1RM3/G1RM4 | O21: - | P21: - | Q21: P1U21XSH1.1 e P1U21XSH1.2 | S21: 3
... A26: =A25+1 -> 21 | B26: P1U21ZSH2 | C26: 611BE02.XS1 | D26: ELEVADOR DE CANECAS - P1U21 | E26: ESTICAMENTO NO TOPO | F26: SENSOR INDUTIVO DE PROXIMIDADE | G26: 120Vca | H26: - | I26: - | J26: Schneider | K26: XS630B1MAL2 | L26: 1 | M26: SINOMA | N26: G1RM5 | O26: - | P26: - | Q26: - | S26: 5
A27: =A26+1 -> 22 | B27: P1U23LSH1 | D27: REGUEIRA - P1U23 | E27: NÍVEL ALTO 1 | F27: CHAVE DE NÍVEL | G27: 120Vca | H27: 150mm | I27: 300mm | J27: VEGA | K27: VEGAVIB63 | L27: 1 | M27: VOTORANTIM | N27: G1RM3/G1RM4 | O27: - | P27: ED-I-Z2000-107 | Q27: - | S27: 1
A28: =A27+1 -> 23 | B28: P1U23LSH2 | C28: - | D28: REGUEIRA - P1U23 | E28: NÍVEL ALTO 2 | F28: CHAVE DE NÍVEL | G28: 120Vca | H28: 150mm | I28: 300mm | J28: VEGA | K28: VEGAVIB63 | L28: 1 | M28: VOTORANTIM | N28: G1RM3/G1RM4 | O28: - | P28: ED-I-Z2000-107 | Q28: - | S28: 1
A29: =A28+1 -> 24 | B29: P1U23LSH3 | C29: - | D29: REGUEIRA - P1U23 | E29: NÍVEL ALTO 3 | F29: CHAVE DE NÍVEL | G29: 120Vca | H29: 150mm | I29: 300mm | J29: VEGA | K29: VEGAVIB63 | L29: 1 | M29: VOTORANTIM | N29: G1RM3/G1RM4 | O29: - | P29: ED-I-Z2000-107 | Q29: - | S29: 1
A30: =A29+1 -> 25 | B30: P1U23LSH4 | C30: - | D30: REGUEIRA - P1U23 | E30: NÍVEL ALTO 4 | F30: CHAVE DE NÍVEL | G30: 120Vca | H30: 150mm | I30: 300mm | J30: VEGA | K30: VEGAVIB63 | L30: 1 | M30: VOTORANTIM | N30: G1RM3/G1RM4 | O30: - | P30: ED-I-Z2000-107 | Q30: - | S30: 1
A31: =A30+1 -> 26 | B31: P1U23LSH5 | C31: - | D31: REGUEIRA - P1U23 | E31: NÍVEL ALTO 5 | F31: CHAVE DE NÍVEL | G31: 120Vca | H31: 150mm | I31: 300mm | J31: VEGA | K31: VEGAVIB63 | L31: 1 | M31: VOTORANTIM | N31: G1RM3/G1RM4 | O31: - | P31: ED-I-Z2000-107 | Q31: - | S31: 1
A32: =A31+1 -> 27 | B32: P1U23LSH6 | C32: - | D32: REGUEIRA - P1U23 | E32: NÍVEL ALTO 6 | F32: CHAVE DE NÍVEL | G32: 120Vca | H32: 150mm | I32: 300mm | J32: VEGA | K32: VEGAVIB63 | L32: 1 | M32: VOTORANTIM | N32: G1RM3/G1RM4 | O32: - | P32: ED-I-Z2000-107 | Q32: - | S32: 1
A33: =A32+1 -> 28 | B33: P1U24XV1 | C33: - | D33: VÁLVULA DE DESVIO - P1U24 REGUEIRA - P1U23 | E33: ABRE | F33: SOLENOIDE | G33: 120Vca | H33: - | I33: - | J33: FESTO | K33: MFH-5/2-D-3-C DSBG-V160-400-PPVA-N3 | L33: 1 | M33: SINOMA | N33: G1RM3/G1RM4 | O33: - | P33: - | Q33: - | S33: 1
A34: =A33+1 -> 29 | B34: P1U24XV2 | C34: - | D34: VÁLVULA DE DESVIO - P1U24 REGUEIRA - P1U23 | E34: FECHA | F34: SOLENOIDE | G34: 120Vca | H34: - | I34: - | O34: - | P34: - | Q34: - | S34: 1
A35: =A34+1 -> 30 | B35: P1U24ZSH | C35: 611MD01.ZS1 | D35: VÁLVULA DE DESVIO - P1U24 REGUEIRA - P1U23 | E35: POSIÇÃO ABERTA | F35: FIM DE CURSO | G35: 120Vca | H35: - | I35: - | J35: Schneider | K35: XS630B1MAL2 | L35: 1 | M35: SINOMA | N35: G1RM3/G1RM4 | O35: - | P35: - | Q35: - | S35: 1
A36: =A35+1 -> 31 | B36: P1U24ZSL | C36: 611MD01.ZS2 | D36: VÁLVULA DE DESVIO - P1U24 REGUEIRA - P1U23 | E36: POSIÇÃO FECHADA | F36: FIM DE CURSO | G36: 120Vca | H36: - | I36: - | J36: Schneider | K36: XS630B1MAL2 | L36: 1 | M36: SINOMA | N36: G1RM3/G1RM4 | O36: - | P36: - | Q36: - | S36: 1
A37: =A36+1 -> 32 | B37: P1U25XV1 | C37: - | D37: VÁLVULA DE DESVIO - P1U25 REGUEIRA - P1U23 | E37: ABRE | F37: SOLENOIDE | G37: 120Vca | H37: - | I37: - | J37: FESTO | K37: MFH-5/2-D-3-C DSBG-V160-400-PPVA-N3 | L37: 1 | M37: SINOMA | N37: G1RM3/G1RM4 | O37: - | P37: - | Q37: - | S37: 1
A38: =A37+1 -> 33 | B38: P1U25XV2 | C38: - | D38: VÁLVULA DE DESVIO - P1U25 REGUEIRA - P1U23 | E38: FECHA | F38: SOLENOIDE | G38: 120Vca | H38: - | I38: - | O38: - | P38: - | Q38: - | S38: 1
A39: =A38+1 -> 34 | B39: P1U25ZSH | C39: 611MD02.ZS1 | D39: VÁLVULA DE DESVIO - P1U25 REGUEIRA - P1U23 | E39: POSIÇÃO ABERTA | F39: FIM DE CURSO | G39: 120Vca | H39: - | I39: - | J39: Schneider | K39: XS630B1MAL2 | L39: 1 | M39: SINOMA | N39: G1RM3/G1RM4 | O39: - | P39: - | Q39: - | S39: 1
A40: =A39+1 -> 35 | B40: P1U25ZSL | C40: 611MD02.ZS2 | D40: VÁLVULA DE DESVIO - P1U25 REGUEIRA - P1U23 | E40: POSIÇÃO FECHADA | F40: FIM DE CURSO | G40: 120Vca | H40: - | I40: - | J40: Schneider | K40: XS630B1MAL2 | L40: 1 | M40: SINOMA | N40: G1RM3/G1RM4 | O40: - | P40: - | Q40: - | S40: 1
A41: =A40+1 -> 36 | B41: P1U26XV1 | C41: - | D41: VÁLVULA DE DESVIO - P1U26 REGUEIRA - P1U23 | E41: ABRE | F41: SOLENOIDE | G41: 120Vca | H41: - | I41: - | J41: FESTO | K41: MFH-5/2-D-3-C DSBG-V160-400-PPVA-N3 | L41: 1 | M41: SINOMA | N41: G1RM3/G1RM4 | O41: - | P41: - | Q41: - | S41: 1
A42: =A41+1 -> 37 | B42: P1U26XV2 | C42: - | D42: VÁLVULA DE DESVIO - P1U26 REGUEIRA - P1U23 | E42: FECHA | F42: SOLENOIDE | G42: 120Vca | H42: - | I42: - | O42: - | P42: - | Q42: - | S42: 1
A43: =A42+1 -> 38 | B43: P1U26ZSH | C43: 611MD03.ZS1 | D43: VÁLVULA DE DESVIO - P1U26 REGUEIRA - P1U23 | E43: POSIÇÃO ABERTA | F43: FIM DE CURSO | G43: 120Vca | H43: - | I43: - | J43: Schneider | K43: XS630B1MAL2 | L43: 1 | M43: SINOMA | N43: G1RM3/G1RM4 | O43: - | P43: - | Q43: - | S43: 1
A44: =A43+1 -> 39 | B44: P1U26ZSL | C44: 611MD03.ZS2 | D44: VÁLVULA DE DESVIO - P1U26 REGUEIRA - P1U23 | E44: POSIÇÃO FECHADA | F44: FIM DE CURSO | G44: 120Vca | H44: - | I44: - | J44: Schneider | K44: XS630B1MAL2 | L44: 1 | M44: SINOMA | N44: G1RM3/G1RM4 | O44: - | P44: - | Q44: - | S44: 1
A45: =A44+1 -> 40 | B45: P1U27XV1 | C45: - | D45: VÁLVULA DE DESVIO - P1U27 REGUEIRA - P1U23 | E45: ABRE | F45: SOLENOIDE | G45: 120Vca | H45: - | I45: - | J45: FESTO | K45: MFH-5/2-D-3-C DSBG-V160-400-PPVA-N3 | L45: 1 | M45: SINOMA | N45: G1RM3/G1RM4 | O45: - | P45: - | Q45: - | S45: 1
A46: =A45+1 -> 41 | B46: P1U27XV2 | C46: - | D46: VÁLVULA DE DESVIO - P1U27 REGUEIRA - P1U23 | E46: FECHA | F46: SOLENOIDE | G46: 120Vca | H46: - | I46: - | O46: - | P46: - | Q46: - | S46: 1
A47: =A46+1 -> 42 | B47: P1U27ZSH | C47: 611MD04.ZS1 | D47: VÁLVULA DE DESVIO - P1U27 REGUEIRA - P1U23 | E47: POSIÇÃO ABERTA | F47: FIM DE CURSO | G47: 120Vca | H47: - | I47: - | J47: Schneider | K47: XS630B1MAL2 | L47: 1 | M47: SINOMA | N47: G1RM3/G1RM4 | O47: - | P47: - | Q47: - | S47: 1
A48: =A47+1 -> 43 | B48: P1U27ZSL | C48: 611MD04.ZS2 | D48: VÁLVULA DE DESVIO - P1U27 REGUEIRA - P1U23 | E48: POSIÇÃO FECHADA | F48: FIM DE CURSO | G48: 120Vca | H48: - | I48: - | J48: Schneider | K48: XS630B1MAL2 | L48: 1 | M48: SINOMA | N48: G1RM3/G1RM4 | O48: - | P48: - | Q48: - | S48: 1
A49: =A48+1 -> 44 | B49: P1U28XV1 | C49: - | D49: VÁLVULA DE DESVIO - P1U28 REGUEIRA - P1U23 | E49: ABRE | F49: SOLENOIDE | G49: 120Vca | H49: - | I49: - | J49: FESTO | K49: MFH-5/2-D-3-C DSBG-V160-400-PPVA-N3 | L49: 1 | M49: SINOMA | N49: G1RM3/G1RM4 | O49: - | P49: - | Q49: - | S49: 1
A50: =A49+1 -> 45 | B50: P1U28XV2 | C50: - | D50: VÁLVULA DE DESVIO - P1U28 REGUEIRA - P1U23 | E50: FECHA | F50: SOLENOIDE | G50: 120Vca | H50: - | I50: - | O50: - | P50: - | Q50: - | S50: 1
A51: =A50+1 -> 46 | B51: P1U28ZSH | C51: 611MD05.ZS1 | D51: VÁLVULA DE DESVIO - P1U28 REGUEIRA - P1U23 | E51: POSIÇÃO ABERTA | F51: FIM DE CURSO | G51: 120Vca | H51: - | I51: - | J51: Schneider | K51: XS630B1MAL2 | L51: 1 | M51: SINOMA | N51: G1RM3/G1RM4 | O51: - | P51: - | Q51: - | S51: 1
A52: =A51+1 -> 47 | B52: P1U28ZSL | C52: 611MD05.ZS2 | D52: VÁLVULA DE DESVIO - P1U28 REGUEIRA - P1U23 | E52: POSIÇÃO FECHADA | F52: FIM DE CURSO | G52: 120Vca | H52: - | I52: - | J52: Schneider | K52: XS630B1MAL2 | L52: 1 | M52: SINOMA | N52: G1RM3/G1RM4 | O52: - | P52: - | Q52: - | S52: 1
A53: =A52+1 -> 48 | B53: P1U29XV1 | C53: - | D53: VÁLVULA DE DESVIO - P1U29 REGUEIRA - P1U23 | E53: ABRE | F53: SOLENOIDE | G53: 120Vca | H53: - | I53: - | J53: FESTO | K53: MFH-5/2-D-3-C DSBG-V160-400-PPVA-N3 | L53: 1 | M53: SINOMA | N53: G1RM3/G1RM4 | O53: - | P53: - | Q53: - | S53: 1
A54: =A53+1 -> 49 | B54: P1U29XV2 | C54: - | D54: VÁLVULA DE DESVIO - P1U29 REGUEIRA - P1U23 | E54: FECHA | F54: SOLENOIDE | G54: 120Vca | H54: - | I54: - | O54: - | P54: - | Q54: - | S54: 1
A55: =A54+1 -> 50 | B55: P1U29ZSH | C55: 611MD06.ZS1 | D55: VÁLVULA DE DESVIO - P1U29 REGUEIRA - P1U23 | E55: POSIÇÃO ABERTA | F55: FIM DE CURSO | G55: 120Vca | H55: - | I55: - | J55: Schneider | K55: XS630B1MAL2 | L55: 1 | M55: SINOMA | N55: G1RM3/G1RM4 | O55: - | P55: - | Q55: - | S55: 1
A56: =A55+1 -> 51 | B56: P1U29ZSL | C56: 611MD06.ZS2 | D56: VÁLVULA DE DESVIO - P1U29 REGUEIRA - P1U23 | E56: POSIÇÃO FECHADA | F56: FIM DE CURSO | G56: 120Vca | H56: - | I56: - | J56: Schneider | K56: XS630B1MAL2 | L56: 1 | M56: SINOMA | N56: G1RM3/G1RM4 | O56: - | P56: - | Q56: - | S56: 1
A57: =A56+1 -> 52 | B57: Z2P41PSL | C57: 611BF01.PS1 | D57: FILTRO DE MANGAS - Z2P41 | E57: PRESSÃO BAIXA LINHA DE AR | F57: PRESSOSTATO | G57: 120Vca | H57: - | I57: - | J57: SCHNEIDER | K57: XML B010A2S11 | L57: 1 | M57: SINOMA | N57: Z2RM3 | O57: - | P57: - | Q57: - | S57: 1
A58: =A57+1 -> 53 | B58: Z2P41Q1 | C58: 611BF01.UZ1 | D58: FILTRO DE MANGAS - Z2P41 | E58: PROGRAMADOR DO FILTRO DE MANGAS | F58: PAINEL LOCAL | G58: 120Vca | H58: - | I58: - | J58: WALSH | K58: WHPC PULSER CONTROLLER | L58: 1 | M58: SINOMA | N58: Z2RM3 | O58: - | P58: - | Q58: 6x VÁLVULA SOLENOIDE | S58: 1
A59: =A58+1 -> 54 | B59: Z2P41PDT | C59: 611BF01.PZ1 | D59: FILTRO DE MANGAS - Z2P41 | E59: PRESSÃO DIFERENCIAL FILTRO DE MANGAS | F59: TRANSMISSOR DE PRESSÃO DIFERENCIAL | G59: 4-20mA | J59: SIEMENS | K59: 7MF0340-1HM01-5SM2-Z B30+D42+E27 | L59: 1 | M59: SINOMA | N59: Z2RM3 | O59: - | P59: - | Q59: - | S59: 1
A60: =A59+1 -> 55 | B60: Z2P41LSH | C60: 611BF01.LS1 | D60: FILTRO DE MANGAS - Z2P41 | E60: NÍVEL ALTO | F60: CHAVE DE NÍVEL | G60: 120Vca | J60: E+H | K60: FTM21-AG242A | L60: 1 | M60: SINOMA | N60: Z2RM3 | O60: - | P60: - | Q60: - | S60: 1
A61: =A60+1 -> 56 | B61: Z2P43SECX | C61: - | D61: VÁLVULA ROTATIVA - Z2P43 | E61: CAIXA DE PROTEÇÃO PARA VIGIA DE VELOCIDADE | F61: - | G61: - | H61: - | I61: - | J61: - | K61: CX. Padrão Vigia de Velocidade com anteparo de 2 Aletas (30 a 60 rpm) | L61: 1 | M61: VOTORANTIM | N61: - | O61: VCM-0828 IT 02 + VCM-0830 | P61: Código de Compra VC: 491550 | Q61: COMPRAR CONFORME MODELO VOTORANTIM INFORMADO NA COLUNA FOLHA DE DADOS | S61: 1
A62: =A61+1 -> 57 | B62: Z2P43SE | C62: 611RF01.SS1 | D62: VÁLVULA ROTATIVA - Z2P43 | E62: VIGIA DE VELOCIDADE | F62: SENSOR INDUTIVO DE PROXIMIDADE | G62: 120Vca | H62: - | I62: - | J62: SCHNEIDER | K62: TE XSA-V11801 | L62: 1 | M62: SINOMA | N62: Z2RM3 | O62: - | P62: - | Q62: - | S62: 1
A63: =A62+1 -> 58 | B63: Z2P61PSL | C63: 611BF02.PS1 | D63: FILTRO DE MANGAS - Z2P61 | E63: PRESSÃO BAIXA LINHA DE AR | F63: PRESSOSTATO | G63: 120Vca | H63: - | I63: - | J63: SCHNEIDER | K63: XML B010A2S11 | L63: 1 | M63: SINOMA | N63: Z2RM3 | O63: - | P63: - | Q63: - | S63: 1
A64: =A63+1 -> 59 | B64: Z2P61Q1 | C64: 611BF02.UZ1 | D64: FILTRO DE MANGAS - Z2P61 | E64: PROGRAMADOR DO FILTRO DE MANGAS | F64: PAINEL LOCAL | G64: 120Vca | H64: - | I64: - | J64: WALSH | K64: WHPC PULSER CONTROLLER | L64: 1 | M64: SINOMA | N64: Z2RM3 | O64: - | P64: - | Q64: 6x VÁLVULA SOLENOIDE | S64: 1
A65: =A64+1 -> 60 | B65: Z2P61PDT | C65: 611BF02.PZ1 | D65: FILTRO DE MANGAS - Z2P61 | E65: PRESSÃO DIFERENCIAL FILTRO DE MANGAS | F65: TRANSMISSOR DE PRESSÃO DIFERENCIAL | G65: 4-20mA | J65: SIEMENS | K65: 7MF0340-1HM01-5SM2-Z B30+D42+E27 | L65: 1 | M65: SINOMA | N65: Z2RM3 | O65: - | P65: - | Q65: - | S65: 1
A66: =A65+1 -> 61 | B66: Z2P71PSL | C66: 611BF03.PS1 | D66: FILTRO DE MANGAS -Z2P71 | E66: PRESSÃO BAIXA LINHA DE AR | F66: PRESSOSTATO | G66: 120Vca | H66: - | I66: - | J66: SCHNEIDER | K66: XML B010A2S11 | L66: 1 | M66: SINOMA | N66: G1RM5 | O66: - | P66: - | Q66: - | S66: 1
A67: =A66+1 -> 62 | B67: Z2P71Q1 | C67: 611BF03.UZ1 | D67: FILTRO DE MANGAS - Z2P71 | E67: PROGRAMADOR DO FILTRO DE MANGAS | F67: PAINEL LOCAL | G67: 120Vca | H67: - | I67: - | J67: WALSH | K67: WHPC PULSER CONTROLLER | L67: 1 | M67: SINOMA | N67: G1RM5 | O67: - | P67: - | Q67: 3x VÁLVULA SOLENOIDE | S67: 1
A68: =A67+1 -> 63 | B68: Z2P71PDT | C68: 611BF03.PZ1 | D68: FILTRO DE MANGAS - Z2P71 | E68: PRESSÃO DIFERENCIAL FILTRO DE MANGAS | F68: TRANSMISSOR DE PRESSÃO DIFERENCIAL | G68: 4-20mA | J68: SIEMENS | K68: 7MF0340-1HM01-5SM2-Z B30+D42+E27 | M68: SINOMA | N68: G1RM5 | O68: - | P68: - | Q68: - | S68: 1
A69: =A68+1 -> 64 | B69: Z2P71LSH | C69: 611BF03.LS1 | D69: FILTRO DE MANGAS - Z2P71 | E69: NÍVEL ALTO | F69: CHAVE DE NÍVEL | G69: 120Vca | J69: E+H | K69: FTM21-AG242A | M69: SINOMA | N69: G1RM5 | O69: - | P69: - | Q69: - | S69: 1
A70: =A69+1 -> 65 | B70: Z2P73SE | C70: 611RF02.SS1 | D70: VÁLVULA ROTATIVA - Z2P73 | E70: VIGIA DE VELOCIDADE | F70: SENSOR INDUTIVO DE PROXIMIDADE | G70: 120Vca | H70: - | I70: - | J70: SCHNEIDER | K70: TE XSA-V11801 | L70: 1 | M70: SINOMA | N70: G1RM5 | O70: - | P70: - | Q70: - | S70: 1
A71: =A70+1 -> 66 | B71: Z2P73SECX | C71: - | D71: VÁLVULA ROTATIVA - Z2P73 | E71: CAIXA DE PROTEÇÃO PARA VIGIA DE VELOCIDADE | F71: - | G71: - | H71: - | I71: - | J71: - | K71: CX. Padrão Vigia de Velocidade com anteparo de 2 Aletas (30 a 60 rpm) | L71: 1 | M71: VOTORANTIM | N71: - | O71: VCM-0828 IT 02 + VCM-0830 | P71: Código de Compra VC: 491550 | Q71: COMPRAR CONFORME MODELO VOTORANTIM INFORMADO NA COLUNA FOLHA DE DADOS | S71: 1
A72: =A71+1 -> 67 | B72: Z2U11LSH | C72: 611BE01.LS1 | D72: ELEVADOR DE CANECAS - Z2U11 | E72: NÍVEL ALTO | F72: CHAVE DE NÍVEL | G72: 120Vca | H72: - | I72: - | J72: E+H | K72: FTE20-AA11AA31 | L72: 1 | M72: SINOMA | N72: Z2RM3 | O72: - | P72: - | Q72: - | S72: 1
A73: =A72+1 -> 68 | B73: Z2U11M2SE | C73: 611BE01.M2.SS1 | D73: ELEVADOR DE CANECAS - Z2U11 | E73: SENSOR DO MOTOR AUXILIAR VIGIA DE VELOCIDADE | F73: SENSOR INDUTIVO NAMUR | G73: 120Vca | H73: - | I73: - | J73: PENDENTE SINOMA | K73: IG5497+ECV004 DD0203 | L73: 1 | M73: SINOMA | N73: Z2RM3 | O73: - | P73: - | Q73: - | S73: 1
A74: =A73+1 -> 69 | B74: Z2U11SE1 | C74: 611BE01.SS1 | D74: ELEVADOR DE CANECAS - Z2U11 | E74: SENSOR 1 - PÉ DO ELEVADOR VIGIA DE VELOCIDADE | F74: SENSOR INDUTIVO DE PROXIMIDADE | G74: 120Vca | H74: - | I74: - | J74: Schneider | K74: XSAV11801 | L74: 1 | M74: SINOMA | N74: Z2RM3 | O74: - | P74: - | Q74: - | S74: 1
A75: =A74+1 -> 70 | B75: Z2U11SE1CX | C75: - | D75: ELEVADOR DE CANECAS - Z2U11 | E75: CAIXA DE PROTEÇÃO PARA VIGIA DE VELOCIDADE | F75: - | G75: - | H75: - | I75: - | J75: - | K75: CX. Padrão Vigia de Velocidade com anteparo de 2 Aletas (30 a 60 rpm) | L75: 1 | M75: VOTORANTIM | N75: - | O75: VCM-0828 IT 02 + VCM-0830 | P75: Código de Compra VC: 491550 | Q75: COMPRAR CONFORME MODELO VOTORANTIM INFORMADO NA COLUNA FOLHA DE DADOS | S75: 1
A76: =A75+1 -> 71 | B76: Z2U11SE2 | C76: - | D76: ELEVADOR DE CANECAS - Z2U11 | E76: SENSOR 2 - PÉ DO ELEVADOR VIGIA DE VELOCIDADE | F76: SENSOR INDUTIVO DE PROXIMIDADE | G76: 120Vca | H76: - | I76: - | J76: TELEMECANIQUE | K76: XS1M30MB250 | L76: 1 | M76: VOTORANTIM | N76: Z2RM3 | O76: - | P76: ED-I-Z2000-103 | Q76: - | S76: 1
A77: =A76+1 -> 72 | B77: Z2U11SE2CX | C77: - | D77: ELEVADOR DE CANECAS - Z2U11 | E77: CAIXA DE PROTEÇÃO PARA VIGIA DE VELOCIDADE | F77: - | G77: - | H77: - | I77: - | J77: - | K77: CX. Padrão Vigia de Velocidade com anteparo de 2 Aletas (30 a 60 rpm) | L77: 1 | M77: VOTORANTIM | N77: - | O77: VCM-0828 IT 02 + VCM-0830 | P77: Código de Compra VC: 491550 | Q77: COMPRAR CONFORME MODELO VOTORANTIM INFORMADO NA COLUNA FOLHA DE DADOS | S77: 1
A78: =A77+1 -> 73 | B78: Z2U11SE3 | C78: - | D78: ELEVADOR DE CANECAS - Z2U11 | E78: SENSOR - TOPO DO ELEVADOR VIGIA DE VELOCIDADE | F78: SENSOR INDUTIVO DE PROXIMIDADE | G78: 120Vca | H78: - | I78: - | J78: TELEMECANIQUE | K78: XS1M30MB250 | L78: 1 | M78: VOTORANTIM | N78: Z2RM3 | O78: - | P78: ED-I-Z2000-103 | Q78: - | S78: 1
A79: =A78+1 -> 74 | B79: Z2U11SE3CX | C79: - | D79: ELEVADOR DE CANECAS - Z2U11 | E79: CAIXA DE PROTEÇÃO PARA VIGIA DE VELOCIDADE | F79: - | G79: - | H79: - | I79: - | J79: - | K79: CX. Padrão Vigia de Velocidade com anteparo de 2 Aletas (30 a 60 rpm) | L79: 1 | M79: VOTORANTIM | N79: - | O79: VCM-0828 IT 02 + VCM-0830 | P79: Código de Compra VC: 491550 | Q79: COMPRAR CONFORME MODELO VOTORANTIM INFORMADO NA COLUNA FOLHA DE DADOS | S79: 1
A80: =A79+1 -> 75 | B80: Z2U11TSH | C80: 611BE01.TS1 | D80: ELEVADOR DE CANECAS - Z2U11 | E80: TEMPERATURA ÓLEO ACOPLAMENTO ELEVADOR Z2U11 | F80: TERMOSTATO | G80: 120Vca | H80: - | I80: - | J80: Schneider | K80: XCMD2102L1 | L80: 1 | M80: SINOMA | N80: Z2RM3 | O80: - | P80: - | Q80: - | S80: 1
A81: =A80+1 -> 76 | B81: Z2U11XSH1 | C81: 611BE01.DS1 | D81: ELEVADOR DE CANECAS - Z2U11 | E81: DESALINHAMENTO TOPO DO ELEVADOR | F81: SENSOR INDUTIVO DE PROXIMIDADE | G81: 120Vca | H81: - | I81: - | J81: Schneider | K81: XS630B1MAL2 | L81: 1 | M81: SINOMA | N81: Z2RM3 | O81: - | P81: - | Q81: Z2U11XSH1.1 e Z2U11XSH1.2 | S81: 1
... A100: =A99+1 -> 95 | B100: Z1U17LSH | C100: - | D100: REGUEIRA - Z1U17 | E100: NÍVEL ALTO 1 | F100: CHAVE DE NÍVEL | G100: 120Vca | H100: 150mm | I100: 300mm | J100: VEGA | K100: VEGAVIB63 | L100: 1 | M100: VOTORANTIM | N100: G1RM3/G1RM4 | O100: - | P100: ED-I-Z2000-107 | Q100: - | S100: 1
